word,freq
코팅,95
다양,94
포함,94
기술,90
드라이브,90
부분,90
선택,89
성능,87
시간,87
이용,85
타이어,85
파인,85
설치,84
중고,84
정도,81
디젤,79
서비스,79
연결,79
국내,78
신형,77
운전석,77
옵션,76
제공,76
모습,75
부족,75
지원,75
배선,74
보조,74
탑재,74
필요,74
내비게이션,73
최고,73
출시,73
개선,72
네비게이션,72
방지,72
화면,71
시공,70
gps,69
안정,69
유리,69
인기,67
표시,67
light,66
상황,66
센서,63
언더,61
프리미엄,60
ad,59
소나타,59
미쉐린,58
발생,58
실내,58
운행,58
패키지,58
기본,57
설정,57
oz휠,56
리스,56
트렁크,56
공간,55
뒷좌석,55
듀얼,55
고급,53
깔끔,53
비교,53
저장,53
파워,53
실적,52
증가,52
블랙,51
가지,50
대비,50
메모리,50
연동,50
전면,50
qxd,49
네시,49
버튼,49
사실,49
사이드,49
오디오,49
사진,48
안테나,48
brake,47
hd,47
댓글쓰,46
시작,46
일반,46
작동,46
정확,46
조작,46
컨트롤,46
low,45
블로그,45
위치,45
전망,45
중요,45
화질,44
환경,44
control,43
view,43
고속,43
블루,43
속도,43
스티어링,43
예상,43
추돌,43
ar,42
미러,42
순정,42
에어백,42
조절,42
차단,42
추가,42
페달,42
adas,41
고객,41
기아,41
사람,41
판단,41
구성,40
기록,40
알바트로스,40
유라이브,40
이유,40
전동,40
전용,40
전조등,40
전체,40
필름,40
bf,39
dmb,39
변화,39
시장,39
카드,39
확대,39
개발,38
계기판,38
목적지,38
신차,38
핸들,38
filter,37
pack,37
기어,37
내부,37
마력,37
만큼,37
안내,37
열선,37
위험,37
장점,37
통합,37
air,36
가속,36
거리,36
관리,36
매출,36
수신,36
업체,36
연료,36
완벽,36
전원,36
차이,36
파노라마,36
lcd,35
led,35
가솔린,35
경제,35
고속도로,35
매립,35
머플러,35
수동,35
야간,35
트립,35
견적,34
동사,34
사양,34
손님,34
수준,34
안개,34
전기,34
효과,34
in,33
변경,33
사고,33
스포츠,33
주요,33
활용,33
네비게이션은,32
동승,32
모듈,32
모터,32
전환,32
케이블,32
현실,32
확보,32
full,31
교통사고,31
기준,31
네비게이션을,31
링크,31
박스,31
사운드,31
여기,31
전후,31
향상,31
gdi,30
도움,30
외부,30
외장,30
전문,30
추천,30
충격,30
터치,30
품목,30
exterior,29
결과,29
관련,29
매력,29
방향,29
보증금,29
상시,29
생산,29
선명,29
설명,29
소음,29
스마트폰,29
음성,29
조건,29
주변,29
준비,29
차체,29
최대,29
최초,29
출력,29
출발,29
충전,29
트림,29
파인뷰,29
헤드램프,29
at,28
rear,28
검색,28
골드,28
등급,28
마음,28
만족,28
보호,28
시동,28
음성인식,28
졸음운전,28
크루즈,28
타이어그라파이트,28
편리,28
평균,28
확실,28
fuel,27
headlight,27
open,27
감소,27
경고등,27
경보장치,27
계약,27
관심,27
구입,27
내장,27
부담,27
상승,27
실시간,27
실행,27
여과기,27
올해,27
자랑,27
전자,27
제거,27
제동,27
진동,27
촬영,27
출고,27
커튼,27
기간,26
모니터,26
발전,26
서스펜션,26
성장,26
수입차,26
예정,26
이야기,26
정리,26
집중,26
타입,26
핵심,26
extreme,25
suv,25
공급,25
교환,25
대구네비매립,25
보증,25
색상,25
앞차,25
인식,25
지도맵을,25
지속,25
체험,25
테스트,25
걱정,24
경보시스템,24
대형,24
동안,24
말씀,24
미국,24
반도체,24
분석,24
사업,24
스위치,24
와이드,24
주의,24
화이트,24
고려,23
공기,23
기업,23
라인,23
루프,23
방법,23
산업,23
삼성,23
소리,23
압력,23
완료,23
이벤트,23
인승,23
조향,23
최신,23
패드,23
할인,23
bmw,22
park,22
감지기,22
동영상,22
동작,22
방식,22
보정,22
상의,22
상품,22
센터,22
에어컨,22
외관,22
인터넷,22
전장,22
컬러,22
통풍,22
해결,22
후진,22
convert,21
on,21
press,21
sensor,21
yf,21
강화,21
결함,21
경고음,21
구간,21
구조,21
구현,21
다음,21
대구,21
메뉴,21
뷔르트,21
브랜드,21
사항,21
상향,21
샤크,21
스포일러,21
유지,21
전자식,21
좌우,21
증강,21
처리,21
크리스탈,21
프라임,21
usb,20
wd,20
window,20
감사,20
그랜저,20
기본적,20
내용,20
대부분,20
드라이빙,20
변속기,20
부품,20
분기,20
비전,20
세계,20
스타일,20
신규,20
실제,20
아래,20
여행,20
올뉴카니발,20
차종,20
beam,19
fault,19
key,19
pressur,19
steer,19
감시,19
강력,19
네비매립,19
리어,19
마감재,19
무인,19
범위,19
벤츠,19
비슷,19
비용,19
열쇠,19
영업이익,19
영향,19
온도,19
이전,19
제어장치,19
조정,19
중심,19
출처,19
클러스터,19
투자,19
편안,19
하단,19
하이브리드카,19
airbag,18
defrost,18
diesel,18
fog,18
indicat,18
informat,18
not,18
pedal,18
rain,18
suspens,18
가죽,18
가치,18
경험,18
고화질,18
교통안전,18
기반,18
댓글,18
댓글쓰기,18
도로,18
램프,18
무료,18
빗방울,18
시내,18
시야,18
아슬란aslan,18
알루미늄,18
연구,18
예열,18
윈도우,18
의견,18
인테리어,18
자연,18
자외선,18
자체,18
정지,18
주행거리,18
지시,18
참고,18
최고급,18
피로,18
현가,18
evgt,17
yoy,17
각종,17
간단,17
개월,17
고정,17
구동,17
길안내,17
도어,17
동급,17
매출액,17
무엇,17
바디킷,17
방문,17
방음,17
범퍼,17
별도,17
부착,17
상담,17
순간,17
슈퍼,17
어드밴스드,17
우수,17
운용,17
유광,17
유용,17
이질감,17
자신,17
전작,17
전화,17
점유율,17
존재,17
첨단,17
측면,17
카니발,17
프레임,17
형식,17
actune,16
assist,16
jy,16
km,16
kmh,16
mm,16
seat,16
system,16
감안,16
계획,16
공기압,16
구석,16
닛산,16
도포,16
등록,16
리터,16
리프트,16
매입,16
메인,16
방청,16
방해,16
브렘보,16
사용자,16
승차감,16
시속,16
시점,16
신호,16
썬루프블랙,16
아웃사이드,16
어라운드뷰,16
예측,16
이후,16
작성,16
재생,16
주유,16
컴퓨터,16
포스팅을,16
효율,16
kml,15
qxdview,15
sd,15
tpeg,15
가죽시트,15
감지,15
거래,15
결정,15
경쟁력,15
그릴,15
길안내를,15
낙찰,15
넉넉,15
누구,15
대전,15
덕분,15
디스플레이,15
딜러,15
럭셔리,15
리무진,15
리뷰,15
마무리,15
매장,15
모양,15
미동,15
발휘,15
방향지시등,15
부진,15
사이,15
사회,15
상대,15
수혜,15
썬루프,15
아틀란,15
여성,15
영역,15
예방,15
우리,15
저렴,15
전자통신,15
정품,15
제로,15
주가,15
주말,15
지역,15
최적화,15
특별,15
파킹,15
편의,15
품질,15
확장,15
회사,15
회원,15
회전,15
drive,14
ldws,14
llumar,14
ts,14
가능성,14
각도,14
공식,14
교체,14
교통정보,14
구매,14
깨끗,14
뉴mclass,14
단순,14
단점,14
링컨,14
메탈,14
물량,14
반응,14
변환,14
복합,14
불구,14
불편,14
비중,14
사랑,14
세련,14
수주,14
시리즈,14
얼마,14
업계,14
완전,14
요소,14
유무,14
이해,14
주목,14
주소,14
중형,14
지도,14
채널,14
판매량,14
평소,14
하부,14
항공,14
형태,14
aux,13
batteri,13
com,13
departur,13
hid,13
off,13
vehicl,13
가이드,13
감각,13
고민,13
과속,13
금액,13
기대,13
기술력,13
기타,13
내리막길,13
노력,13
대응,13
마지막,13
매뉴얼,13
모델과,13
문의,13
물론,13
반면,13
배출,13
보유,13
불빛,13
비롯,13
사망자,13
사망자수,13
사이트,13
설계,13
수입,13
스펙,13
스피커,13
썬팅,13
안심,13
어디,13
어시스트,13
에이,13
역할,13
연도,13
예산,13
완성도,13
용량,13
인지,13
입력,13
입장,13
있기때문에,13
적극,13
점검,13
종류,13
좌석,13
중국,13
지도맵과,13
최선,13
충분,13
트레인,13
특징,13
파악,13
포인트,13
표현,13
플러스,13
하이패스,13
해외,13
후측방,13
abs,12
and,12
auto,12
cruis,12
fullhd,12
indic,12
naver,12
omega,12
plus,12
rpm,12
soni,12
가상,12
강조,12
경보음,12
고화,12
관계,12
국산,12
그랜드,12
년형,12
답답,12
되기,12
디지털,12
디테일,12
라디오,12
마련,12
멀티미디어,12
무선,12
바닥,12
방송,12
방전,12
변속,12
보험,12
부문,12
부식,12
블루투스,12
사각지대,12
억원,12
업데이트를,12
예전,12
원인,12
인식하,12
자동변속기,12
잠금장치,12
적당,12
정부,12
조수,12
주간,12
직구,12
진입,12
채택,12
추정,12
터널,12
페이스,12
평가,12
포맷,12
할부,12
회복,12
acc,11
catalyt,11
co,11
kg,11
lane,11
rang,11
screen,11
가운데,11
가족,11
거기,11
건물,11
결합,11
경고장,11
경매장,11
계기,11
고객사,11
공개,11
교류,11
글로벌,11
기계,11
네비게이션에,11
노출,11
단속,11
라디에이터,11
리얼타임,11
모두,11
모하비,11
발견,11
번호판,11
부산,11
비율,11
사전,11
생활,11
소비자,11
손상,11
수동식,11
아슬란,11
아우,11
안전운행,11
앞좌석,11
얼굴,11
업그레이드,11
운영,11
유압,11
유일,11
의심,11
이익,11
이하,11
일정,11
자세,11
장기렌트,11
적합,11
제외,11
좌측,11
진보,11
질문,11
차세대,11
처음,11
천연,11
충돌,11
크롬,11
터보,11
터치스크린,11
패밀리,11
평행,11
포스팅,11
플랫폼,11
하드웨어,11
헤드,11
휀다,11
automat,10
cc,10
ces,10
conveni,10
cr,10
descent,10
distanc,10
eco,10
explanat,10
fluid,10
frost,10
hand,10
limit,10
lock,10
pad,10
qxd뷰,10
requir,10
servic,10
speed,10
temperatur,10
wipe,10
가정,10
간편,10
감속,10
검수,10
견인,10
경관,10
경기,10
경로,10
과정,10
교통,10
그것,10
근데,10
기본형,10
대체,10
대표적,10
더러움,10
동절기,10
등이,10
라이트,10
라인업,10
렌즈,10
로고,10
리스사,10
목표,10
무사,10
미적,10
바디,10
바탕,10
밸류,10
병원,10
보닛,10
보행자,10
복잡,10
복지,10
부대비용,10
브라운,10
사물,10
상반기,10
상세,10
서리,10
성공,10
세단,10
센터페시아,10
소비,10
속도제한,10
시원,10
시행,10
실시,10
아이나비x,10
안전벨트,10
암레스트,10
액티브,10
얘기,10
에코,10
용의,10
우리나라,10
유입,10
일부,10
일상,10
자료,10
자리,10
자유,10
자율,10
적응,10
전년,10
정숙,10
정차,10
제도,10
주력,10
지붕,10
초기,10
추진,10
취급,10
카페,10
컨버터블,10
콘솔,10
태양에너지,10
특성상,10
평생,10
프리,10
필터,10
하락,10
하루,10
하체,10
한국,10
한데,10
합계,10
해도,10
해상도,10
혁신,10
혜택,10
훌륭,10
휴즈,10
adaptiv,9
atr,9
batteryaltern,9
belt,9
bonnet,9
boot,9
clutch,9
cvvl,9
damper,9
deactiv,9
dip,9
direct,9
dirti,9
door,9
engineemis,9
fob,9
gb,9
gearbox,9
glow,9
hill,9
hitch,9
ignition,9
lati,9
lightfront,9
main,9
mks,9
ml,9
mode,9
mp,9
ness,9
of,9
oil,9
particul,9
pip,9
plug,9
power,9
preheat,9
prep,9
problem,9
roof,9
sidelight,9
spoiler,9
switch,9
tow,9
trailer,9
tyre,9
washer,9
water,9
windscreen,9
winter,9
감정,9
개인,9
검사,9
게이트,9
경보기능,9
공동,9
공원,9
공조,9
공해방지,9
국산차,9
글쓴이,9
긍정적,9
긴급,9
꺼짐stabil,9
날씨,9
남구,9
능력,9
닦개,9
대명동,9
대신,9
대한,9
데이터,9
도우미,9
동력,9
동일,9
두류,9
모하비는,9
무게,9
무릎,9
무시,9
미착용,9
반복,9
배기가스,9
배치,9
부터,9
불과,9
선택옵션,9
세정액,9
소화,9
솔루션,9
스크랩,9
스텝,9
시운전,9
시험,9
실연,9
쏠림,9
아반떼md,9
안전띠,9
앞뒤,9
어느정도,9
어라운드,9
에어,9
엔진룸,9
오너,9
오일,9
오토,9
완성,9
요망,9
원글보기,9
원승용,9
으로,9
음악,9
이름,9
인증,9
작용,9
장기,9
장소,9
장애물,9
저감,9
전달,9
전압,9
점화,9
접근,9
정속주행,9
조사,9
조절기,9
증거,9
지불,9
지점,9
차별화,9
차폭등,9
착용,9
체크,9
초고,9
촉매,9
최적,9
취향,9
친절,9
클러치,9
트레일러,9
표시장치,9
풍부,9
플러그,9
하단네비매립을,9
하향,9
행동,9
현상,9
화려,9
활동,9
후처리,9
휴대폰,9
adj,8
bch,8
cd,8
ch,8
cpu,8
ecm,8
ly,8
obd,8
pgs,8
가동,8
가량,8
감이,8
경쟁,8
공유,8
공인,8
공장,8
관성,8
광고,8
광학,8
궁금,8
규모,8
그랜져hg,8
기아차,8
기초,8
기회,8
내차,8
년식,8
노브,8
다이아몬드,8
단계,8
답변,8
대상,8
대우,8
대화,8
동시,8
뒤쪽,8
등장,8
디자인과,8
루마썬팅,8
마찬가지,8
많은,8
매물,8
매트,8
모든메뉴를,8
모션,8
목적,8
무리,8
무상,8
물체,8
반대,8
발표,8
배려,8
벨트,8
변동,8
보안,8
본격,8
사의,8
상단,8
성분,8
성장세,8
세이프,8
수납공간,8
순경,8
시인,8
신경,8
싼타페리스,8
아닌가합니다,8
아이들,8
아이템,8
안보,8
안전장치,8
업데이트,8
에보모터스에서는,8
역광,8
연기,8
연합,8
옴니뷰,8
왼쪽,8
요인,8
우선,8
우측,8
워크,8
의무,8
의식,8
이것,8
이때,8
이중,8
익스트림,8
일체,8
작은,8
잔존,8
장비,8
저속,8
저전압,8
전국,8
전류,8
전문가,8
전진,8
정기,8
정상,8
제작,8
제조업,8
조화,8
종목,8
주시,8
중간,8
중인,8
중저가,8
즐거움,8
증권,8
증명,8
지능형,8
지정,8
진화,8
차주,8
최대토크,8
최소,8
출품,8
커버,8
컴포트,8
탑승자,8
테로손,8
토크,8
통과,8
통화,8
특성,8
특유,8
파일,8
폭발,8
풀hd,8
해당,8
해지,8
현장,8
후면,8
asp,7
cdp,7
cmos,7
exclusiv,7
free,7
hg,7
hold,7
ipod,7
it,7
kml로,7
kr,7
lng,7
smart,7
special인승,7
super,7
tft,7
vip,7
가공,7
가니쉬,7
간섭,7
감응,7
개별,7
개조,7
결론,7
경매,7
공기저항,7
국민,7
권장,7
규정,7
극대화,7
급제동,7
기능도,7
기분,7
녀석,7
노블레스,7
느낌,7
당시,7
당연,7
대구썬팅,7
대중화,7
덮개,7
독특,7
동맹,7
드론뷰,7
렌트카,7
로드,7
룸미러,7
매수,7
메시지,7
명령,7
모니터링,7
모바일,7
민감,7
민국,7
바겐,7
보장,7
보통,7
보편화,7
본체,7
부가세,7
분명,7
사건,7
상용화,7
선정,7
소형,7
수단,7
수요가,7
수행,7
순수,7
스리,7
스티어링휠,7
스페어,7
슬라이딩,7
시세,7
시트인승,7
신기,7
신호등,7
심사,7
싼타페,7
아빠,7
아쉬움,7
아이스,7
안정감,7
알바트로스골드,7
액셀,7
어라운드뷰를,7
업무,7
에너지,7
엠씨넥스,7
여름,7
예약,7
오류,7
와이퍼,7
용이,7
원격,7
위해,7
유성,7
의뢰,7
의존도,7
의지,7
이동,7
이외,7
이점,7
인간,7
인조가죽,7
있구요,7
자격,7
작년,7
전개,7
전략,7
전반,7
정책,7
제가,7
제시,7
제원,7
제조사,7
조금,7
조금씩,7
조합,7
존경,7
주일,7
주장,7
증대,7
지난해,7
직관,7
진정,7
천장,7
초보운전자,7
초콜릿,7
촉진,7
총평,7
최소화,7
최첨단,7
칼라,7
캐시카이,7
커스텀,7
크래쉬,7
클릭,7
통신,7
통행료,7
패널,7
편의성,7
포장,7
폭스,7
퓨즈,7
프레스,7
플래티넘,7
하구,7
하남시,7
하이빔,7
한눈,7
합동,7
현재,7
협력,7
형상,7
훈련,7
ef,6
ev,6
fhd,6
fl,6
for,6
kmℓ,6
kmℓ휘발유,6
luxuri,6
modern,6
ms,6
nf,6
pl,6
premium,6
q부터,6
sm,6
the,6
wdr,6
wd시스템,6
가구,6
가장,6
감상,6
강도,6
갤럭시,6
경사,6
경사로,6
경쟁사,6
경향,6
계약금,6
고가,6
고무,6
고성능,6
고온,6
공정,6
과학,6
구동선회제어시스템atcc포함,6
국제,6
규제,6
그동안,6
근육,6
근접,6
기본사양,6
낙하,6
네비게이션과,6
네비게이션이,6
네이버,6
네트워크,6
누우,6
다들,6
다이나믹,6
담보,6
당신,6
대로,6
도난,6
동등,6
동의,6
레버,6
레이더,6
로운,6
리모컨,6
리포트,6
마스킹,6
만km년,6
명확,6
무장,6
묵직,6
뭔가,6
미래,6
미연,6
배경,6
번호,6
보수,6
보이,6
보존,6
본격화,6
볼보,6
부품업체,6
분할,6
불가능,6
불안,6
브레이크epb,6
브레이킹,6
비행기,6
상당,6
선호,6
세그먼트,6
세상,6
세코닉스,6
소울,6
소유,6
손해,6
수술,6
수출,6
순회,6
승객,6
시각적,6
시안,6
시청,6
식별,6
신뢰,6
신용,6
신중,6
신청,6
실사,6
실정,6
실현,6
썬팅을,6
쏘울,6
아래쪽,6
안마,6
양화,6
에보모터스,6
에코파워팩미니,6
에쿠스,6
엔진카울격벽,6
엠블럼,6
역사,6
연간,6
오프,6
완화,6
요리,6
우려,6
우산,6
운동,6
위쪽,6
위험지역,6
유명,6
유형,6
음주운전,6
의미,6
이미지,6
이오나이저,6
이종격투기,6
인데요,6
인도,6
인정,6
인터넷을,6
자극,6
자전거,6
재고,6
재미,6
재산,6
재질,6
적용범위,6
전세계,6
전송,6
전시,6
전파방해,6
정말,6
조명,6
조용,6
졸음,6
종합,6
주기,6
중앙,6
지하,6
진단,6
집합,6
책임,6
초점,6
최상,6
최상급,6
최종,6
추방,6
추세,6
출처httpwww,6
친구,6
캐치,6
커피,6
컨트롤ascc,6
코너,6
코너링,6
콘트롤,6
쾌적,6
타락,6
테이프,6
투과,6
티구안,6
파이니스트,6
파트,6
판매가,6
패턴,6
포스팅은,6
포트,6
피해,6
하드,6
한점,6
행복,6
행사,6
헤드라이트,6
현대글로비스,6
현대웰슨,6
현명,6
형성,6
화소,6
화해,6
환급,6
회의,6
효율성,6
as,5
blog,5
capa,5
car,5
comfort,5
dr,5
driver,5
kmh로,5
km를,5
presafeti,5
pron,5
set,5
tlink,5
uvo,5
vision,5
가득,5
가속페달,5
가장많은,5
감성,5
강점,5
개념,5
개량,5
개입,5
갤럭시s,5
경영,5
고사,5
고해상도,5
공략,5
공업,5
공채,5
관세,5
교육,5
교통상황,5
구역,5
구형,5
군더더기,5
그래픽,5
그림,5
극도,5
글래스,5
금연차량,5
급가속,5
기구,5
기판,5
길이,5
나름,5
나이트,5
나파,5
냄새,5
네비,5
노하우,5
농도,5
높이,5
다수,5
당사,5
대세,5
대조,5
대표,5
대형차,5
도덕,5
도요,5
도입,5
돌려닫지,5
동호회,5
뒷면,5
드림,5
만원,5
맞춤,5
메모리시트,5
메이커,5
명의,5
모범,5
모터쇼,5
문구,5
문장,5
물건,5
미니쿠퍼,5
발행,5
버드뷰,5
베트남,5
보고,5
보급,5
보기,5
보배,5
보험료,5
보호구역,5
분야,5
불편함,5
뷰를,5
블박,5
빨간색,5
사내,5
사망,5
사제,5
사회적,5
삽입,5
색감,5
샤시,5
서로,5
선루프,5
세라믹,5
세제,5
세팅,5
센싱,5
소프트웨어,5
손가락,5
손실,5
수성,5
수송,5
수월,5
수율,5
수지,5
스키,5
습관,5
승진,5
시대,5
시중,5
시화,5
신고,5
신선,5
실망,5
실매물,5
실질,5
실천,5
실패,5
아반떼,5
아이디어,5
안락,5
압도,5
약국,5
양산,5
어린이,5
어제,5
에어로,5
여부,5
여유,5
연락,5
연출,5
영위,5
영화,5
오전,5
오후,5
온라인,5
올뉴쏘렌토,5
요구,5
요녀,5
요약,5
우아,5
우주,5
운전대,5
원리,5
월등,5
유료,5
유사,5
유아,5
유예,5
유익,5
유행,5
융합,5
을제,5
을해,5
음식,5
의기,5
의무화,5
의의,5
의자,5
이젠,5
익숙,5
익스클루시브,5
인력,5
인상,5
일치,5
임명,5
입증,5
있긴,5
있다해,5
자분,5
자사,5
자사제품,5
잘못,5
잡음,5
장식,5
재능,5
재판,5
저가폰,5
적자,5
전화번호,5
점진적,5
접수,5
접합,5
정교,5
정신,5
정체,5
제어,5
조심,5
주위,5
중고차,5
중단,5
중재,5
지각,5
지금,5
지방,5
지배,5
지식,5
지형,5
직각,5
집약,5
차량관리,5
차원,5
참여,5
창문,5
채용,5
철저,5
초당,5
초반,5
최신형,5
최저가,5
추가비용,5
추적,5
출근,5
출저,5
출퇴근,5
측량,5
측정,5
측후방,5
컨센서스,5
컨트리맨,5
코드,5
코스,5
킬로,5
킬로미터,5
탁송,5
탑승,5
택시,5
테두리,5
토지,5
트렌드에,5
특색,5
특수,5
특정,5
튼튼,5
파산,5
파운드한화,5
판자,5
포멧,5
폴딩,5
폴리머,5
표시등,5
풀오토,5
풀오토에어컨,5
프로그램,5
피부,5
필수,5
하늘,5
하반기,5
하자,5
한계,5
한마디,5
한물,5
한정,5
한지,5
핸들링,5
햇빛,5
현저,5
호스,5
화각,5
확산,5
회계,5
회생,5
후속,5
휘발유,5
휴게소,5
휴대,5
휴무,5
휴식,5
히터,5
ccd,4
comboardview,4
cvt,4
detect,4
dual,4
emi,4
exclusive인승,4
fcws,4
fine,4
globalautonew,4
gm,4
gnd,4
good,4
had,4
hdi,4
httpblog,4
httpwww,4
idsrslttitl,4
ii,4
input,4
iqdblack,4
jbl,4
k은,4
lineup,4
mix,4
moral,4
more,4
music,4
my,4
m화소,4
night,4
no,4
premium인승,4
product,4
q까지,4
safeti,4
series,4
typehidden,4
valu,4
way,4
xjl,4
x을,4
가로등,4
가성,4
가속도,4
가슴,4
가시성,4
가혹,4
감가상각,4
강물,4
