차량,7664
기능,5125
주행,4501
시스템,4100
블랙박스,3996
자동차,3711
모델,2943
작업,2814
경보,2699
부분,2623
아이나비,2582
디자인,2520
때문,2508
제품,2460
엔진,2428
차선,2302
옵션,2227
네비게이션,2210
운전,2202
가격,2153
경우,2152
시트,2107
기술,2097
카메라,2097
정도,2096
장착,1982
문제,1919
매립,1883
안전,1856
이탈,1845
연비,1785
영상,1773
후방,1753
모습,1731
현대,1687
모드,1586
느낌,1582
가장,1546
주차,1530
무역,1528
전방,1507
정보,1483
운전자,1440
장치,1424
하이브리드,1413
만원,1408
실내,1395
성능,1389
버튼,1377
기존,1355
시간,1350
통해,1334
화면,1326
자동,1321
시공,1312
또한,1307
생각,1292
가지,1283
중소기업,1278
배선,1261
국내,1258
물론,1241
신형,1225
기본,1222
이상,1211
정말,1202
역시,1201
인치,1199
위해,1194
출시,1193
스마트,1189
배터리,1181
브레이크,1169
산업,1167
조금,1153
상태,1148
녹화,1148
공간,1139
시장,1130
다른,1130
상황,1129
모두,1111
순정,1104
사고,1092
대한,1092
바로,1089
사람,1064
하나,1063
경고,1058
사진,1052
최고,1048
쏘나타,1037
거리,1037
램프,1031
속도,1017
중고차,986
사용,985
이번,980
드라이브,980
보조,980
탑재,976
고객,973
모든,972
디젤,970
시승,969
설정,942
오디오,926
하루,909
백만불,905
사양,901
타이어,892
자율,876
파워,872
신차,866
작동,855
제네시스,850
트렁크,840
사실,834
오늘,834
센터,829
수준,825
선택,815
투싼,814
센서,811
내비게이션,809
변경,803
지도,802
편의,800
세단,797
이제,794
서비스,782
출력,774
너무,768
도로,767
스티,761
기아,754
크루즈,741
트림,741
차이,740
화질,740
더욱,736
컨트롤,733
조작,732
터보,722
오토,721
패키지,718
운행,718
실제,717
차체,714
알림,714
프리미엄,714
일반,707
최대,705
적용,703
어링,702
세대,701
썬팅,701
가속,699
표창,697
싼타페,696
전면,695
다시,692
유키,686
좌석,685
개발,683
한번,679
수입,673
확인,669
판매,663
마력,661
지금,661
추돌,658
아반떼,656
저희,653
소리,649
현재,639
헤드,636
방식,628
토크,626
스포티지,624
터치,624
사이드,621
개인,619
핸들,616
업체,615
한국,615
지원,607
방향,603
요즘,601
좀비,600
듀얼,600
장비,597
여기,594
도어,594
에어백,591
아이오,588
위치,587
쉐보레,584
출발,582
에서,579
미국,575
앞차,575
스파크,571
아이,568
크게,568
통상,567
미러,566
포스팅,566
추가,562
승기,559
아주,557
세계,554
직접,549
이유,548
채널,547
현대차,546
연동,545
메모리,541
장관,540
처음,538
고급,538
매우,536
내용,535
루프,535
마음,534
계기,533
제동,533
방지,533
고속,528
설치,528
안정,527
최초,524
자원부,524
라인,523
구매,521
처리,521
소음,517
최근,515
장점,514
불탑,514
표시,513
다만,513
비교,510
전용,510
외관,509
브랜드,508
열선,507
모터,507
부품,507
국산,507
전자,503
가솔린,498
제어,498
자체,497
촬영,495
구성,494
기업,494
라면,493
대비,493
말리부,492
이미지,492
구입,490
교통,490
조절,488
대전,488
먼저,485
링크,484
수도,482
가죽,481
충전,480
그냥,478
설명,478
스마트폰,477
유리,476
스포츠,476
등급,475
전체,475
기준,473
크기,469
확보,466
변화,465
소비자,464
그대로,463
동시,463
추천,463
전후,463
쏘렌토,460
거의,460
시동,459
다음,459
안내,459
효율,458
블랙,457
보고,457
자리,457
실시간,456
기어,452
리터,452
출고,451
보시,451
변속기,450
지능,446
르노,445
감지,444
장기,443
야간,442
색상,441
이전,439
아래,437
아직,435
하단,435
대형,435
환경,431
필요,431
전동,430
저장,429
완료,427
문의,426
천만,426
수출,422
내부,422
대부분,422
이야기,420
일단,418
측면,416
서스펜션,416
보기,416
대해,416
드라이빙,414
코팅,414
관리,412
테스트,410
차단,410
방법,409
마감,408
도움,405
고속도로,404
개선,403
타입,403
연료,403
필름,402
컬러,402
효과,401
전문,398
계속,396
이기,395
약간,395
충격,393
그릴,393
외부,392
임팔라,392
삼성,392
고등,390
검색,387
카니발,385
기반,383
반응,381
인테리어,378
소재,378
충돌,376
제공,374
안테나,371
케이블,371
달리,371
디스플레이,369
결과,368
인기,366
만큼,366
까지,364
연결,363
중형,361
시아,360
경차,360
에코,359
경쟁,359
대표이사,359
다소,359
벤츠,358
증강현실,357
소개,357
하이,357
주변,357
전혀,355
여러,354
교체,353
발생,350
관련,349
자신,348
비용,347
우리,347
보호,347
측방,346
완성,344
기록,342
향상,342
변속,341
보이,341
스위치,340
전원,340
공기,339
사각,339
상품,338
파노라마,335
구조,334
테일,334
리어,334
점검,333
트립,333
각종,329
내장,329
업그레이드,328
렌트,328
대구,328
특징,326
박스,326
가능성,325
동안,325
별도,324
첨단,324
구간,321
이후,319
경험,319
행사,319
신경,318
그것,318
우선,315
항상,313
통풍,313
위험,311
메뉴,310
미리,310
안개,310
회사,309
아우디,308
주요,308
사이,308
인식,307
차감,307
품질,306
모하비,304
보증,304
단점,303
긴급,302
음성,302
언제,301
일이,300
능력,300
차종,299
해도,298
시야,298
구동,297
승차,297
신호,297
진동,297
인승,296
경로,296
제대로,296
스포,295
순간,295
사항,294
무엇,293
스타일,291
사운드,291
페달,291
형태,291
리뷰,290
통합,289
매장,288
카드,287
에어,287
목적지,287
공개,286
수신,286
모니터,285
지대,285
가능,284
블루,283
구현,283
마치,282
거기,282
진행,281
후기,279
범퍼,278
포트,278
살짝,278
포함,277
상담,277
관심,276
부산,273
참고,273
저렴,272
이름,271
유용,270
용량,270
마지막,270
해외,268
스피커,266
주의,266
예정,265
멀티,265
지시,264
어디,263
완전,263
알바트로스,263
설계,262
수동,262
유럽,262
시작,261
안전성,261
프라임,261
녀석,260
레이,259
라운드,259
업데이트,258
등등,258
사업,257
이벤트,257
서울,256
최신,255
편이,254
소나타,253
포맷,253
그랜저,253
생산,252
전기,252
수석,251
필수,251
모듈,251
요소,248
아슬란,248
상대,248
경제,247
중심,247
역할,246
트레인,246
크롬,246
부족,245
매력,244
매물,244
전압,244
전화,244
마무리,243
인상,243
미래,242
보통,242
인지,241
기대,239
동향,239
라이트,239
무게,238
포드,238
사이즈,238
기기,237
계약,236
특성,236
탑승,236
기아차,236
단계,236
슈퍼,235
중고,234
활용,233
실행,233
리프트,233
대표,233
회전,232
주식회사,232
별로,231
지난,231
높이,229
따라서,229
머플러,229
초기,229
시리즈,228
조건,228
발전,228
튜닝,227
날씨,227
회원,226
기도,226
볼보,226
과정,226
부담,226
커버,226
알루미늄,225
덕분,225
대신,225
럭셔리,224
사용자,224
프리,224
고정,223
분야,223
글로벌,222
에어컨,222
부터,222
음성인식,222
전망,222
평균,220
현실,220
큐브,219
졸음,219
데이터,218
기간,218
방전,218
미션,216
무선,216
포인트,216
컴퓨터,216
아쉬움,215
노블레스,215
타고,215
유지,215
통신,215
좌우,214
도심,214
감각,214
길이,213
공식,212
전조등,212
상단,212
동승,212
리스,212
중앙,211
통한,211
반도체,210
결정,209
제일,209
동작,209
방음,209
전반,209
인공,208
넥스트,208
얼마,208
평가,207
오히려,207
얼마나,207
시인,207
온도,207
혹시,206
프레임,206
하니,206
수납,206
패밀리,206
강화,206
동영상,205
주간,205
정숙,204
안쪽,204
페이스,204
클러스터,204
복합,204
이건,203
소니,203
좀더,203
최대한,202
핵심,202
최소,202
다운,202
블로그,201
걱정,201
차로,201
정차,200
마찬가지,200
메인,199
입장,199
분석,199
독일,199
질감,199
일본,198
절대,198
적극,198
각도,198
지역,198
기여,197
종류,197
연구,197
에쿠스,196
측정,196
베이스,196
재생,196
해당,195
필러,195
조명,195
딜러,195
예전,194
견적,194
배치,194
이브,193
체인지,193
기통,193
기분,192
교환,191
유라,191
이동,190
게다가,190
부착,190
도우미,189
코리아,189
단자,189
만족,189
창원,188
어드밴스드,187
로서,187
루마,187
굳이,187
상시,187
집중,186
머리,185
전장,185
영역,184
사전,184
샤크,184
자세,184
로부터,184
상위,184
언더,184
한층,184
커튼,184
후진,183
보정,182
에너지,182
할인,182
가운데,182
조합,182
뒷좌석,181
일부,181
계획,181
금액,181
바디,180
당시,179
강판,179
국가,179
전환,179
목표,177
노출,176
무기,176
내비,176
성과,176
만약,176
중형차,175
댓글,175
본격,175
플레이,175
이지,175
조향,175
모양,175
정리,175
얼굴,175
반면,174
확대,174
노면,173
앞서,173
여유,172
친환경,172
공급,172
여부,172
품목,172
자동변속기,172
라스,172
미니,171
올해,171
플랫폼,171
중국,170
정비,170
오너,170
의미,170
정지,170
클러치,169
시내,169
보이지,169
어시스트,169
검수,169
에스,168
지속,168
경쟁력,168
익스,167
소형,167
과연,167
자주,167
출처,166
파일,166
감성,166
가족,166
준비,165
상승,165
영업,164
이용,164
최고급,164
등록,164
순위,164
장소,164
모터쇼,164
정상,164
영향,163
하이패스,163
공격,163
골드,163
시대,163
클래스,163
한계,163
제조,163
인터넷,162
증가,162
여러가지,162
전시,161
예약,161
윈도우,161
이외,161
메탈,161
물건,161
원래,161
실적,161
활성화,161
프로그램,161
코스,161
무인,160
각각,160
나름,160
정부,160
왼쪽,160
체험,159
라인업,159
안정감,159
수가,159
중간,159
가치,159
바람,159
체크,158
항공,158
폭스바겐,158
스티어링휠,158
듭니,158
무료,157
전기차,156
차별,156
판단,156
정책,156
노력,155
쓰기,155
스포일러,155
제원,155
시점,155
현상,154
최적화,154
주시,154
바탕,154
스펙,154
일정,153
승하,153
클릭,153
감안,153
나이트,153
일상,152
버전,152
안드로이드,152
주말,152
테크,152
직원,151
당신,151
플라스틱,151
진짜,151
두운,151
자연,151
기회,151
투자,151
언급,151
홈페이지,151
밝기,150
번호판,150
세팅,150
저속,150
여러분,150
트럭,149
엔진오일,149
우리나라,149
전력,149
처럼,148
오른쪽,148
조사,148
누구,148
플러스,148
전국,148
고성능,147
상용,147
중량,147
모닝,147
게이트,147
혼다,146
스스로,146
목적,146
일체,145
민감,145
블루투스,145
구글,145
제어장치,145
패드,145
실용,145
배기량,145
화이트,145
차주,144
콘솔,144
클론,144
성장,144
강성,143
북미,143
반드시,143
건물,143
전략,143
고장,142
수치,142
조정,142
다이나믹,142
디테,142
아마,142
주차장,142
고민,141
분위기,141
주기,141
방문,140
보험,140
파킹,140
과속,140
매트,140
재질,140
하체,139
연락,139
퀄리티,139
여성,138
리모컨,138
무사,138
고화질,138
음악,138
좌측,137
크라이슬러,137
신뢰,137
잠시,137
바퀴,137
거치,137
핸들링,137
닛산,137
스페셜,137
셋팅,137
맥스,137
손님,137
결함,136
평소,136
실버,136
범위,136
썬루프,136
분명,136
링컨,136
한편,136
기계,136
제거,136
기타,136
메모리카드,136
우이,136
패널,135
정품,135
혁신,135
형상,135
인천,135
장거리,134
레벨,134
바닥,134
시기,134
제한,134
유로,134
인간,133
본체,133
측후,133
개월,133
대화,133
전부,133
업계,132
오래,132
인터페이스,132
서도,132
마산,131
해상도,131
도입,131
그랜져,131
디젤엔진,131
흐름,131
마스,130
시험,130
프레스티지,130
자료,130
움직임,130
애플,129
매입,129
주유,129
워낙,129
금속,129
잠깐,129
사태,129
드림,129
점등,128
직관,128
렌트카,128
스토어,128
프리우스,128
대상,128
최선,128
심플,127
추후,127
부가,127
초반,127
공조,126
버스,126
마이,126
주소,126
제법,126
대한민국,126
협력,126
우드,126
본문,125
어제,125
레인,125
세이,125
오일,125
비율,125
의견,125
코너,125
불량,125
퍼포먼스,125
존재,125
시속,124
동력,124
사베,124
운용,124
쿠페,124
예방,123
체감,123
그래픽,123
하자,123
시선,123
인포테인먼트,123
코너링,123
사회,123
올란도,123
광고,123
재미,123
관계,122
필자,122
신호등,122
구형,121
공주,121
프티,121
경매,121
주목,121
혜택,121
정체,121
생활,121
근처,121
용도,120
테이프,120
레버,120
특유,120
네이버,120
연식,120
공장,119
진입,119
코드,119
어댑티브,118
뭔가,118
대통령,118
교통사고,118
판매량,118
현황,117
제작,117
기억,117
무슨,116
시각,116
갑자기,116
피해,116
휴대폰,116
지향,116
아웃,115
저항,115
잡고,115
장재,115
수리,115
말씀,115
정밀,115
초고장,115
사례,115
라디에이터,114
액티브,114
소프트웨어,114
뷔르트,114
개조,114
추진,114
우측,114
이차,114
면서,113
나중,113
최첨단,113
브이,112
사제,112
기압,112
기사,112
빅데이터,112
안산,112
전문점,111
보행자,111
무난,111
레이더,111
점점,111
차원,111
유무,111
불만,111
블박,110
모니터링,110
체계,110
아바타,110
하부,110
시세,110
주로,110
번호,110
익스트림,110
질문,110
대체,110
최적,110
가량,110
성공,110
대가,110
가끔,109
절감,109
플러그인,109
경량,108
헤드라이트,108
감지기,108
부족함,108
소식,108
상세,108
서로,108
여행,107
무릎,107
이하,107
프로,107
기자,107
보유,107
유리창,107
대응,107
차라,106
그동안,106
배기,106
융합,106
볼륨,106
타임,106
메이커,106
감사,106
성은,106
취향,106
장시간,106
경기도,105
노멀,105
필터,105
승객,105
얘기,105
할부,105
오버,105
부팅,105
최상,105
달러,104
매출,104
디지털,104
액정,104
감속,104
고가,104
스파이,104
대시보드,104
반대,103
채용,103
혼자,103
친구,103
알페온,103
화각,103
부위,103
달라,103
인수,102
모던,102
유성,102
책임,102
부문,102
컵홀더,102
공유,101
공인,101
간섭,101
증대,101
드디어,101
훈장,101
폴딩,101
상향,101
상의,101
감소,101
브라운,101
무척,100
인증,100
진화,100
포장,100
편입,100
주력,100
필요성,100
시프트,100
가공,100
규모,100
대기,100
무리,99
이해,99
미러링,99
신규,99
로써,99
동호회,99
로봇,99
구축,99
활동,99
중견,99
게이지,99
영화,98
이면,98
벌써,98
크로우,98
후륜,98
노이즈,98
사의,98
개성,98
지점,98
보지,98
위주,97
아침,97
패턴,97
멀티미디어,97
미쉐린,97
너무나,97
변환,97
단속,97
와이드,97
랍니,97
최저,97
여과기,97
결론,97
음재,97
한눈,96
자기,96
제로,96
개념,96
사랑,96
안전벨트,96
뉴스,95
렉서스,95
이구,95
예산,95
렌터카,95
무상,95
엠블럼,95
작성,95
피로,95
방송,95
가로,95
용이,94
방어,94
원인,94
장갑,94
미디어,94
디테일,94
로드,94
점도,94
강도,94
성향,94
스크린,93
압력,93
예상,93
프로모션,93
수단,93
스텝,93
단지,93
세이브,93
이드,92
연구소,92
점수,92
배출,92
주위,92
엑셀,92
아직까지,92
무려,92
모션,92
억원,92
식량,92
안락,92
공정,91
합리,91
그룹,91
대의,91
검사,91
골프,90
직선,90
흰색,90
중이,90
드릴,90
랩스,90
캐딜락,90
규제,90
그랜드,90
전기모터,89
현장,89
채택,89
전문가,89
고무,89
비중,89
소모,89
아이폰,89
광주,89
사장,89
광택,89
천장,89
식별,89
작년,89
대충,89
탐색,89
국제,89
지식,89
와이퍼,89
게임,88
아이템,88
캐릭터,88
세상,88
개별,88
조립,88
웨어,88
그레이,88
이내,87
반사,87
인스톨,87
아이콘,87
니코,87
링커,87
정면,87
세차,87
터널,87
편안함,87
다리,87
포지션,87
문자,86
마석,86
국무총리,86
루카스,86
하나로,86
달성,86
물리,86
따위,86
나무,86
확장,86
갤러리,86
리얼,86
울산,85
용품,85
깜빡,85
발표회,85
무조건,85
손상,85
가스,85
공차,84
보증금,84
적재,84
간격,84
시청,84
탁송,84
상기,84
표현,84
신제품,84
감염,84
도시,84
이중,84
성격,84
위력,83
트렌드,83
물질,83
수성,83
한가지,83
과거,83
곡선,83
터치스크린,83
보안,83
지지,83
의도,83
과장,83
리얼타임,83
스포크,83
운영,83
겨울,83
최종,83
가드,83
나머지,83
레이저,82
이익,82
여름,82
마련,82
암레스트,82
탈리스,82
특허,82
렌즈,82
천원,82
드론,82
사건,82
우려,82
대략,82
위로,81
점유,81
케어,81
치가,81
적응,81
저녁,81
대리점,81
홀드,81
대폭,81
배기가스,81
솔루션,80
브레이,80
스트레스,80
정여립,80
소비,80
장애물,80
수요,80
거래,80
수명,80
진단,80
슬라이딩,80
가격표,80
개방,80
유입,80
앞뒤,80
라디오,79
로이,79
로고,79
조화,79
경사,79
개입,79
전작,79
전주,79
리무진,79
지프,79
아포칼립스,78
답변,78
멀리,78
아우,78
아예,78
요인,78
온라인,78
향후,78
인피니티,78
시큐리티,78
밧데리,78
다이내믹,77
미연,77
쉬프트,77
탄탄,77
약속,77
시운전,77
차지,77
만족도,77
단순,77
베라크루즈,77
데이라이트,77
지형,77
네트워크,76
구역,76
열쇠,76
예열,76
평생,76
손가락,76
플루,76
항목,76
그림,76
하이테크,76
개요,76
국민,76
고온,75
현가,75
아시,75
빗방울,75
만들기,75
후속,75
종합,75
나비,75
낙찰,75
컨버터블,75
보닛,75
억제,75
부스,75
녹음,75
센스,75
지인,75
능동,75
흡수,74
이자,74
견인,74
습관,74
그게,74
취급,74
세부,74
내리막,74
천만원,74
찾기,73
체어,73
카페,73
계산,73
그때,73
배려,73
보급,73
곳곳,73
단위,73
마트,73
그다지,73
이슈,73
입력,72
스타트,72
역동,72
인사,72
드라이버,72
강점,72
도전,72
단어,72
스크래치,72
크로스오버,72
전고,72
호불호,72
가까이,72
다이얼,72
지하,72
역광,71
접지,71
뷰어,71
하늘,71
거울,71
더뉴,71
주관,71
문제점,71
자외선,71
하드웨어,71
실사,71
회의,71
익스플로러,71
의문,71
테리어,71
비트,71
정속,71
정신,71
감시,71
성인,71
라티,71
대리,71
스피드,70
세그먼트,70
나파,70
남성,70
등장,70
매매,70
특수,70
원가,70
농도,70
플래그,70
부의,70
엔트리,70
운동,70
캠리,69
선사,69
예보,69
어플,69
후드,69
트릭,69
로만,69
나노,69
누가,69
디스크,69
플레이어,69
식품,69
조선,69
논란,69
응답,69
재규어,69
다행,69
티볼리,68
대형차,68
주지,68
주어,68
쾌적,68
추세,68
번지,68
컨트롤러,68
양산,68
오픈,68
포스트,68
안심,68
리튬,68
가득,68
유일,68
매뉴얼,67
핸드폰,67
당일,67
충실,67
차고,67
차례,67
승용차,67
시브,67
하라,67
장하,67
두번째,67
동일,67
스타렉스,67
엔카,67
건강,67
대로,67
성도,67
인도,66
핸즈,66
악셀,66
포르쉐,66
섀시,66
셀렉,66
해결,66
장식,66
시안,66
종이,66
아래쪽,66
연상,66
억스,66
프로젝트,66
스타,66
도포,66
사냥,66
화가,66
컴팩트,66
법인,66
테러,66
차이점,66
미터,65
압도,65
케이,65
인원,65
휘발유,65
폭발,65
시계,65
미니쿠퍼,65
허리,65
소프트,65
양쪽,65
드네,65
쌍용,65
부식,65
부장,65
결합,65
전송,65
행동,65
여지,64
수원,64
고유,64
오프로드,64
레이아웃,64
알티,64
업무,64
일렉,64
주인,64
토요타,64
거나,64
대기업,64
분류,64
해주시,64
창문,64
비닐,64
동물,64
도착,64
오후,64
한마디,64
전폭,64
가성,64
생기,64
흔적,63
경보기,63
역사,63
국내외,63
직분,63
분할,63
남자,63
절음,63
후석,63
종종,63
간혹,63
긍정,63
증거,63
저런,63
경쾌,63
마이크,63
제도,63
부천,63
즐거움,63
프론트,63
초고,63
임팔,63
파사트,62
타쿠무,62
공사,62
예측,62
날렵,62
로시,62
하향,62
장면,62
빵빵,62
친환,62
나라,62
해진,62
독립,62
의자,62
교육,62
클루,62
강조,62
투톤,62
오염,62
방해,62
노하우,62
사이트,62
협회,62
명의,62
곧바로,61
선정,61
블로거,61
몰딩,61
스티치,61
심장,61
바이오,61
실질,61
마이크로,61
투입,61
스텀,61
택시,61
팅크,61
앞쪽,61
커브,61
남양주시,60
리스트,60
재료,60
트위터,60
인프라,60
고개,60
이점,60
위성,60
캠핑,60
코란도,60
벤트,60
주제,60
신분,60
레드,60
조기,60
분리,60
차용,60
레그룸,60
케이스,60
만족감,60
기름,60
클럽,60
오전,60
방청,60
정식,60
컨셉,60
화물,60
보고서,60
파일럿,60
전세계,60
전달,60
책정,60
지정,60
어른,59
밸런스,59
입체,59
뒷모습,59
수상,59
수소,59
오렌지,59
시스,59
품격,59
뒤쪽,59
진보,59
저기,59
제외,59
상처,59
한참,59
묵직,59
마케팅,59
가면,59
전륜,59
화소,59
고려,58
구멍,58
직렬,58
구미,58
구분,58
어찌,58
진정,58
실물,58
주신,58
승해,58
세미나,58
어려움,58
시전,58
관계자,58
특정,58
해제,58
판이,58
수동식,58
회피,58
획기,58
연속,58
자의,58
동료,58
콰트로,58
상사,58
미니밴,58
전통,58
망간,58
가상,58
스테이지,58
더욱더,58
실수,58
응용,58
불빛,58
충족,57
공감,57
오른손,57
트윈,57
레스트,57
바이,57
경영,57
레기온,57
오빠,57
연장,57
어쨌든,57
목소리,57
비상,57
모바일,57
광각,57
정의,57
단연,57
초보,57
테더링,57
목록,57
여준,56
접목,56
공업,56
당장,56
공동,56
레이노,56
총평,56
해치백,56
남아,56
종료,56
잘못,56
가이드,56
합성,56
시설,56
확률,56
심지어,56
고해,56
년도,56
회로,56
프런트,56
손실,56
가정,56
이노,55
외형,55
공략,55
이웃,55
부스트,55
무장,55
냄새,55
일도,55
연구개발,55
허위,55
아이작,55
원격,55
음식,55
하드,55
구안,55
도장,55
분기,55
팩토리,55
손잡이,55
경기,55
비젼,55
과제,55
독자,55
도요타,55
테이,55
대세,55
결코,55
기록부,55
대박,55
소지,55
매일,54
애매,54
촉매,54
이론,54
호환,54
소모품,54
수평,54
전륜구동,54
약탈,54
배열,54
간다,54
표준,54
요철,54
모비스,54
준수,54
숫자,54
강남,54
마이티,54
설비,54
엔진룸,54
초음파,54
생존자,54
의료,54
의무,54
단종,54
검증,54
플러그,54
출퇴근,54
극복,54
최강,54
형식,54
명칭,54
어린이,53
무단,53
본인,53
접촉,53
믿음,53
물이,53
요구,53
잡음,53
아이덴티티,53
클래식,53
사정,53
눈앞,53
의지,53
동반,53
출장,53
보아,53
대중,53
대책,53
몬데오,53
리드,53
통제,53
윈드,52
선회,52
직하,52
위협,52
즉시,52
날개,52
주가,52
주도,52
자사,52
획득,52
토스,52
개봉,52
판넬,52
만일,52
도의,52
최소한,52
갤럭시,52
만대,52
솔리드,52
행위,52
임금,52
항공기,52
감동,52
정지훈,51
총기,51
미세,51
공학,51
충전기,51
주유소,51
소통,51
알람,51
월드,51
사원,51
회장,51
런칭,51
기차,51
사업자,51
색감,51
지원기,51
비행,51
국도,51
집단,51
생존,51
와인,51
환경설정,51
만하,51
파악,50
공적,50
위쪽,50
미만,50
