블랙박스,513
기능,490
차량,461
아이나비,334
제품,295
시스템,265
작업,262
매립,240
주행,227
차선,224
자동차,221
경보,217
영상,210
장착,207
네비게이션,202
카메라,200
시공,183
후방,178
주차,174
전방,174
이탈,169
화면,155
배선,153
운전,143
때문,141
문제,140
모습,139
경우,135
운전자,134
녹화,128
배터리,125
바로,119
가격,118
부분,117
안전,116
자동,113
정보,112
보조,108
설정,105
장치,104
기술,104
통해,103
가장,101
엔진,99
썬팅,95
순정,94
위해,92
기존,92
시간,90
센서,90
드라이브,89
방음,88
경고,86
모델,85
모든,84
알림,82
코팅,82
탑재,81
추돌,81
스마트,80
사고,80
도어,80
정도,78
변경,78
모두,76
디자인,75
사용,73
카드,73
상태,70
또한,70
확인,70
화질,70
가지,69
모터,69
고등,69
저희,67
시트,67
오늘,67
싼타페,66
하나,66
브레이크,64
옵션,64
모드,64
지원,63
지도,63
속도,62
생각,62
앞차,61
역시,61
촬영,61
버튼,61
작동,60
거리,59
표시,58
내비게이션,58
장비,58
상황,57
사진,57
인치,57
위치,57
오디오,57
방향,57
다른,57
대구,57
연비,57
국내,56
출시,56
이상,55
이제,55
실내,55
트렁크,54
투싼,53
설치,53
현대,52
운행,52
안테나,51
채널,51
소음,51
카니발,51
차단,51
프리미엄,51
연결,50
물론,50
일반,50
파워,50
전원,50
패키지,50
출발,49
추천,49
메모리카드,49
이번,49
디젤,48
전면,48
알바트로스,48
케이블,48
성능,48
뷔르트,47
메모리,47
고급,46
기본,46
방지,46
인식,46
소리,46
안내,46
편의,46
계기,46
동시,45
듀얼,45
지능,45
자율,44
전후,44
도로,44
골드,44
실제,44
요즘,44
포맷,43
연동,43
전압,43
여기,42
신차,42
에서,42
조금,42
메뉴,42
차체,41
루마,40
발생,40
목적지,40
신호,40
하단,40
한번,40
다음,40
완료,39
방식,39
신형,39
정말,39
저장,39
아주,38
대한,38
추가,38
현대차,38
포스팅,37
체험,37
이미지,37
최고,37
내부,37
다시,37
환경,37
너무,37
느낌,37
유라,37
사람,37
그대로,37
안산,37
이브,37
소나타,36
중고차,36
수입,36
처리,36
알루미늄,36
제공,35
업체,35
제네시스,35
부착,35
안양,35
강남,35
라인,35
하이브리드,35
방법,35
지금,34
컨트롤,34
사실,34
수신,34
사이드,34
별도,34
공간,34
엔진오일,33
수성,33
설명,33
차이,33
시장,33
접지,33
보기,33
스파이,33
외부,33
핸들,32
서비스,32
장점,32
선택,32
리뷰,32
지시,32
효과,32
터치,32
시동,32
조작,32
더욱,31
마음,31
방진,31
감지,31
자체,31
베라크루즈,31
구현,31
튜닝,31
플러스,31
도움,31
타이어,30
전문,30
검색,30
이유,30
최초,30
회원,30
먼저,30
야간,30
컴퓨터,30
우리,29
언더,29
직접,29
상단,29
쏘렌토,29
내장,29
보호,29
출력,29
측면,29
모듈,29
드라이빙,29
현재,29
테스트,28
처음,28
레이,28
보고,28
세계,28
증강현실,28
인공,27
진동,27
고정,27
필름,27
문의,27
유리,27
실시간,27
적용,27
블랙,27
인스톨,27
까지,26
아이,26
마무리,26
시리즈,26
대해,26
업그레이드,26
회로,26
조절,26
쏘나타,26
소비자,26
제어,25
그냥,25
본체,25
라면,25
외관,25
에어백,25
머플러,25
전자,25
샤크,25
패드,25
스마트폰,25
진행,25
보시,25
전체,25
구성,24
측정,24
각종,24
등등,24
검수,24
도포,24
실행,24
아직,24
음성,24
메인,24
단자,24
최대,24
개인,24
가능,24
평활,24
언제,24
신호등,24
매트,23
주의,23
인지,23
날씨,23
시야,23
체크,23
폭스바겐,23
차로,23
과정,23
활성화,23
안정,23
커버,23
내용,23
고객,22
충전,22
필러,22
기아,22
사용자,22
브랜드,22
방청,22
기기,22
공식,22
주변,22
경로,22
무인,22
구매,22
완성,22
첨단,22
향상,22
수준,21
교통,21
국산,21
미리,21
경제,21
부품,21
만원,21
센터,21
색상,21
동작,21
마감,21
트위터,21
드론,21
정상,21
출고,21
토파즈,21
최소,21
램프,21
전혀,21
관리,21
한층,20
필터,20
교환,20
터널,20
탁송,20
일이,20
시점,20
고속도로,20
인승,20
마치,20
개발,20
필수,20
크루즈,20
이벤트,20
매우,20
항공,20
우선,20
이야기,20
능력,20
안쪽,20
자리,20
쏘울,20
충격,19
박스,19
번호판,19
업데이트,19
스위치,19
부팅,19
하부,19
거의,19
세단,19
대부분,19
변화,19
현상,19
리무진,19
경험,19
미러,19
연료,19
스펙,19
포함,19
교체,19
한국,18
머큐리,18
사제,18
산업,18
알파,18
오토,18
따라서,18
기록,18
지역,18
발전,18
미래,18
다소,18
액정,18
오류,18
음성인식,18
재생,18
전용,18
보정,18
결과,18
기준,18
걱정,18
각도,18
약간,18
과속,18
온도,18
티볼리,18
음재,18
전조등,18
체로키,18
종류,17
작성,17
주기,17
오메가,17
노이즈,17
기업,17
제대로,17
최신,17
크게,17
방전,17
스피커,17
비교,17
테이프,17
좌석,17
좌우,17
유성,17
세대,17
미국,17
상시,17
블루,17
계속,17
이름,17
위험,17
기어,17
공기,17
후기,16
저렴,16
차주,16
상품,16
하루,16
크기,16
통합,16
사각,16
비용,16
리모컨,16
최근,16
버드,16
트립,16
길이,16
스토어,16
페달,16
시인,16
개선,16
대전,16
안개,16
중앙,16
격벽,16
리어,16
분야,16
용량,16
달리,16
채용,16
일단,16
사항,16
졸음,16
항목,15
에코,15
인간,15
작업기,15
가속,15
노출,15
이지,15
혹시,15
모션,15
구간,15
구동,15
필요,15
이전,15
등급,15
파일,15
수도,15
수동,15
유지,15
이기,15
효율,15
얼마,15
전화,14
정품,14
세이브,14
구안,14
타입,14
네이버,14
관심,14
고화질,14
밝기,14
구조,14
부담,14
트림,14
자주,14
동영상,14
미니,14
상용,14
일부,14
적극,14
범위,14
이후,14
디스플레이,14
아래,14
서울,14
소개,14
인기,14
부식,14
순간,14
현실,14
스티,14
삽입,14
지난,14
전국,14
자신,13
통한,13
해도,13
역광,13
부족,13
구입,13
루프,13
아우디,13
제거,13
캐치,13
열선,13
혁신,13
마지막,13
멀티,13
정리,13
어디,13
사양,13
절대,13
등록,13
대형,13
점도,13
프레임,13
기계,13
기간,13
자료,13
매장,13
적응,13
부터,13
시대,13
핵심,13
클러스터,13
프리,13
해상도,13
특징,13
셀렉,13
지대,13
단점,13
단계,13
관련,13
충돌,13
보이,13
수지,12
확보,12
어링,12
기반,12
고가,12
페블,12
포인트,12
로써,12
소닉,12
범퍼,12
살짝,12
이구,12
전문가,12
좀더,12
렌트,12
간격,12
예방,12
잠시,12
아반떼,12
최고급,12
예보,12
대리점,12
시작,12
깜빡,12
대화,12
여러가지,12
민감,12
싼타,12
무엇,12
자외선,12
통신,12
만큼,12
주말,12
우측,12
점검,12
불빛,12
전장,12
정차,12
포트,12
라이트,12
형태,12
신경,12
진화,12
독일,12
측후,12
최적화,11
회전,11
감지기,11
엣지,11
가솔린,11
수가,11
간섭,11
코딩,11
오일,11
거치,11
브레이,11
이외,11
조회,11
합성,11
회사,11
모양,11
사이즈,11
너무나,11
완전,11
무료,11
보통,11
하라,11
업계,11
컵홀더,11
조건,11
안전성,11
거품,11
서도,11
다만,11
제동,11
건물,11
익스트림,11
반응,11
갤럭시,11
유럽,11
설계,11
항상,11
언급,11
여러,11
신슐레이터,11
여행,11
공급,11
감사,10
바닥,10
그릴,10
나노,10
일체,10
해당,10
휀더,10
고성능,10
리터,10
중간,10
노트북,10
금일,10
매력,10
시승,10
캡쳐,10
나들이,10
사이,10
해운대,10
컬러,10
최적,10
로부터,10
주시,10
아쉬움,10
순위,10
오너,10
슬라이딩,10
규격,10
차종,10
누구,10
이동,10
컨트롤러,10
수명,10
장착점,10
티맵,10
유무,10
요소,10
부산,10
헤드,10
왜곡,10
반면,10
방문,10
무상,10
교통사고,10
초기,10
랍니,10
편안함,10
영역,10
전기,10
생기,10
슬롯,10
공개,10
엔카,10
하드웨어,10
확대,10
부위,10
강화,10
구미,9
점등,9
유입,9
지원이,9
사운드,9
감시,9
프라이버시,9
성과,9
마찬가지,9
인테리어,9
시큐리티,9
각각,9
대비,9
거기,9
원래,9
최첨단,9
동일,9
초행길,9
전류,9
전력,9
제어장치,9
경쟁력,9
저항,9
앞서,9
글라스,9
플라스틱,9
집중,9
기타,9
슈퍼,9
철판,9
후진,9
구글,9
농도,9
렌즈,9
종종,9
소프트웨어,9
불량,9
소재,9
가형,9
승용차,9
평균,9
그래픽,9
부가,9
상승,9
특성,9
측방,9
고무,9
패널,9
우리나라,9
용도,9
메탈,9
그것,9
과거,9
미니밴,9
세팅,9
덕분,9
홈페이지,9
라운드,9
처럼,9
보증,9
게이트,9
이오나,9
시운전,9
하이,9
오히려,9
역할,9
스스로,9
벤츠,9
한눈,9
디테,9
갤러리,8
리얼타임,8
도어스,8
전문점,8
강점,8
이면,8
기분,8
여과기,8
소니,8
안드로이드,8
물질,8
의도,8
당신,8
좌측,8
절감,8
조립,8
준비,8
몇몇,8
매물,8
좌회전,8
아연,8
피버,8
이중,8
듭니,8
을해,8
동승,8
루카스,8
참고,8
장시간,8
대기,8
캘리,8
쓰기,8
코인,8
움직임,8
기도,8
영향,8
장기,8
오렌지,8
여유,8
가죽,8
도심,8
제조,8
모하비,8
다이나믹,8
굳이,8
중이,8
몰딩,8
클래스,8
취급,8
서스펜션,8
바퀴,8
볼륨,8
와이드,8
광택,8
스피드,8
커프,8
새벽,8
고민,8
예약,8
어드밴스드,8
에쿠스,8
여부,8
구형,8
서로,8
예전,8
용품,8
목적,8
장면,8
클릭,8
실사,8
리프트,8
기압,8
대신,8
하나로,8
표현,8
밧데리,8
장애물,8
엔진룸,8
재질,8
권장,8
예측,8
파사트,8
반송,8
스텀,8
지점,8
전파,7
양면,7
우려,7
스트레스,7
종료,7
품목,7
피해,7
자사,7
획기,7
연장,7
가요,7
비디오,7
사전,7
칼라,7
실버,7
소형,7
와이파이,7
부족함,7
가상,7
앞쪽,7
시청,7
전환,7
벌써,7
바디,7
얼마나,7
세라믹,7
배치,7
렉스,7
자연,7
증상,7
일정,7
문제점,7
신뢰,7
고온,7
팅크웨어,7
하니,7
플루,7
경쟁,7
빈틈,7
견적,7
웰슨,7
평행,7
로서,7
장착후,7
터보,7
유용,7
유리창,7
시아,7
갑자기,7
감각,7
라티,7
기대,7
동호회,7
동안,7
손님,7
타고,7
그때,7
휀다,7
결함,7
겨울,7
지식,7
진입,7
적외선,7
양쪽,7
모본,7
식별,7
철강,7
장착기,7
큐브,7
입력,7
소비전력,7
보급,7
습관,7
저가,7
방해,7
가끔,7
조정,7
코어,7
주목,7
무선,7
블로그,7
도착,7
차별,7
명품,7
리스트,7
개월,7
판단,7
특수,7
예정,7
표기,7
출처,7
에어,7
본격,7
솔리드,7
모터쇼,7
제법,7
광고,7
탈시,7
할당,7
스타일,7
아마,7
어시스트,7
마력,7
긴급,7
보고서,7
기록부,7
사랑,7
플레이,7
도입,7
적색,7
인수,7
디지털,7
정책,7
최대한,7
단지,7
날림,7
보행자,7
스텝,7
보이지,6
심플,6
전동,6
뭔가,6
메뉴얼,6
시전,6
바늘,6
발전기,6
당일,6
전달,6
제일,6
홍보,6
협회,6
녀석,6
상향,6
매연,6
불안,6
바탕,6
아웃,6
융합,6
파악,6
발열,6
파노라마,6
트레인,6
장애,6
비율,6
오작,6
안보,6
진행중,6
변속,6
조합,6
연구,6
초반,6
오래,6
미드,6
랩탑,6
변속기,6
용이,6
도난,6
로고,6
왁스,6
스파크,6
딜러,6
여성,6
혼자,6
가족,6
멀리,6
시안,6
입장,6
이건,6
대표,6
피로,6
가평,6
통풍,6
가까이,6
영화,6
어쨌든,6
성은,6
완화,6
미러링,6
무척,6
감소,6
수령,6
탑승,6
버전,6
워낙,6
가드,6
흔적,6
별로,6
추후,6
드릴,6
도전,6
코스,6
편이,6
근처,6
햇빛,6
경보기,6
단어,6
인터넷,6
가량,6
생산,6
사이트,6
엠블렘,6
구비,6
라운지,6
단순,6
얘기,6
현가,6
환경설정,6
도쿄,6
이처럼,6
예열,6
도우미,6
가능성,6
무슨,6
패턴,6
공유,6
원인,6
맥류,6
단속,6
상세,6
솔루션,6
미연,6
어려움,6
보지,6
오랜만,6
봄꽃,6
빅데이터,6
기이,6
화각,6
블루투스,6
드네,6
라디에이터,6
차후,6
장거리,6
증정,6
제로,6
주차장,6
억제,6
토러스,6
정제,6
프로,6
하자,6
과연,6
현장,6
반사,6
이빙,6
부자,6
내리막,6
녹색,6
아시,5
특허,5
아이콘,5
모비스,5
경기,5
전지,5
감성,5
나중,5
중량,5
교통상황,5
강조,5
친구,5
중형,5
마스,5
장소,5
스크린,5
플러그인,5
탈출,5
분류,5
어쩌면,5
자세,5
주간,5
무난,5
바로가기,5
수치,5
공학,5
상대,5
생활,5
가성,5
지정,5
능이,5
노력,5
직관,5
위쪽,5
총평,5
주파수,5
계절,5
흠집,5
외국,5
고요,5
포드,5
프로그램,5
능동,5
월요일,5
곳곳,5
신호선,5
고장,5
치가,5
형식,5
열쇠,5
분위기,5
승차,5
손상,5
재단,5
가치,5
조사,5
인슐,5
보이시,5
매뉴얼,5
얼굴,5
토크,5
의미,5
차원,5
여러분,5
주신,5
컨넥터,5
다운로드,5
미션,5
베이스,5
점화,5
파킹,5
선대,5
소모,5
내비,5
더군다나,5
행동,5
제한,5
지하,5
시속,5
무것,5
라디오,5
블박,5
작년,5
미처,5
명도,5
교수,5
결정,5
달러,5
차례,5
베컴,5
비닐,5
소울,5
조향,5
월등,5
베터리,5
이해,5
위로,5
커뮤니티,5
플러그,5
인사,5
대가,5
고무몰딩,5
기사,5
메이저,5
카페,5
일명,5
기종,5
블럭,5
아이템,5
캠프,5
활용,5
장하,5
인상,5
감히,5
정숙,5
과감,5
인보이스,5
흐름,5
아직까지,5
시내,5
착점,5
절음,5
자전거,5
차라리,5
패밀리,5
화소,5
화이트,5
겨울철,5
높이,5
쾌적,5
화가,5
한가지,5
대충,5
정지,5
기아차,5
가로,5
말씀,5
카테고리,5
배기가스,5
도의,5
데이터,5
세상,5
스타,5
데크,5
착색제,5
가면,5
제규,5
드라이버,5
합리,5
오른쪽,5
유닛,5
조심,5
중점,5
개념,4
어제,4
작업시간,4
두루,4
잡고,4
알티,4
프라,4
잠깐,4
일도,4
빌딩,4
공통,4
차사,4
퓨어,4
홀더,4
내내,4
만들기,4
아날로그,4
감속,4
할부,4
급발진,4
선명,4
분리,4
조화,4
수정,4
가격표,4
결론,4
닛산,4
다이아몬드,4
즉시,4
트럭,4
손실,4
난감,4
리드,4
로봇,4
성분,4
쁘띠프랑스,4
세이버,4
제외,4
빵빵,4
케어,4
그동안,4
차지,4
뒷면,4
파워서플라이,4
경관,4
이스,4
정밀,4
스포티지,4
노면,4
해주시,4
하비,4
성공,4
전략,4
아예,4
성격,4
은색,4
배출,4
제너,4
친환경,4
하우스,4
시각,4
모양새,4
신제품,4
동배선,4
물체,4
광역,4
앵글,4
관성,4
정돈,4
주지,4
중요성,4
백업,4
하이패스,4
왼쪽,4
삭제,4
해외,4
직각,4
썬루프,4
오토바이,4
전세계,4
알람,4
이온,4
해킹,4
인천,4
보험,4
질문,4
정부,4
문구,4
파티션,4
레스트,4
강성,4
니트,4
가공,4
계통,4
시사,4
피부암,4
진짜,4
동이,4
고정식,4
파란,4
전화번호,4
골프,4
비금속,4
한결,4
프런트,4
노하우,4
명암,4
이나,4
원통,4
원가,4
시세,4
한장,4
광주,4
만약,4
개조,4
링크,4
정비,4
산타페,4
영구,4
손잡이,4
문장,4
공부,4
검증,4
다이내믹,4
자기,4
미니맵,4
일전,4
소식,4
흡수,4
공법,4
무릎,4
애플,4
섬세,4
톨게이트,4
인장,4
약속,4
부스터,4
가운데,4
전부,4
수원,4
아슬란,4
디테일,4
가기,4
백만원,4
어댑터,4
포장,4
본인,4
럭셔리,4
지속,4
자국,4
브라켓,4
순이,4
사물,4
기회,4
간략,4
중랑구,4
금액,4
광선,4
신규,4
반대,4
간혹,4
무조건,4
모서리,4
나비,4
앰프,4
시그널,4
언스,4
국도,4
전시,4
휘발유,4
주장,4
머리,4
혁명,4
품질,4
북미,4
계열,4
여유롭,4
비니,4
측정기,4
평가,4
리듐,4
불허,4
선정,4
수집,4
일본,4
테일,4
모니터,4
메르세데스벤츠,4
안해,4
오직,4
무사,4
수출,4
탈착,4
렉사,4
베스트,4
콘셉트카,4
복합,4
냉각수,4
와이퍼,4
천장,4
대처,4
번호,4
세미나,4
튜브,4
공인,4
험로,4
품격,4
지면,4
초보자,4
플레이어,4
클럽,4
실적,4
수월,4
끝판,4
수신기,4
무게,4
유해,4
밀착,4
주요,4
엔젤,4
한해,4
검은색,4
보안,4
조기,4
해치,4
스포츠,4
수요,4
경량,4
다운,4
지난번,4
아차,4
사망률,4
강도,4
일때,4
노미,4
전반,4
분석,4
에러,4
차내,4
보유,4
생기지,4
고속,4
시로,4
지형,4
마련,4
가이드,4
계시,4
보완,4
초고,4
전주,4
개최,4
레이더,4
점점,4
엔듀,4
통과,4
클러치,4
수석,4
거듭,4
리더,4
교차로,4
지나,4
특정,4
스태,4
평소,4
밴딩,4
는걸,4
스포츠카,4
역활,4
보편화,4
더미,4
휴대전화,4
종이,4
더카,4
고스트,4
평생,4
색감,3
사다리꼴,3
대학교,3
세부,3
필자,3
제한속도,3
선물,3
게이트웨이,3
일동,3
스캔,3
무제한,3
전폭,3
빗방울,3
금요일,3
당장,3
매니저,3
튜드,3
현저,3
지각,3
유가,3
인터페이스,3
변동,3
학문,3
벚꽃,3
잡기,3
물이,3
꼽아,3
판이,3
벤트,3
차제,3
그랜져,3
주권,3
디바이스,3
클래식,3
봉인,3
익산,3
제나,3
여지,3
최상,3
주님,3
셨습,3
전망,3
케미칼,3
풋등,3
다가,3
자석,3
굴곡,3
여준,3
엑스,3
레그,3
주가,3
프랑스,3
금방,3
변수,3
새차,3
당시,3
지지,3
종별,3
여름철,3
번은,3
인체,3
흡사,3
중대,3
조만간,3
버텍스,3
환경보호,3
연상,3
중단,3
타의,3
전형,3
스위스,3
다이얼,3
비상등,3
호불호,3
가로등,3
별매,3
단독,3
테스,3
알바,3
자의,3
인칭,3
웰컴,3
찾기,3
이주식,3
중통,3
궁극,3
원형,3
차감,3
전해,3
배기,3
일지,3
라인업,3
케이스,3
신랑,3
뒷부분,3
노란색,3
적립,3
파리,3
완전체,3
이웃,3
시기,3
한쪽,3
필수품,3
쉐이빙,3
조명,3
운동화,3
휴일,3
초당,3
이용,3
대시보드,3
발목,3
돌발상황,3
스페셜,3
상의,3
연출,3
하체,3
견인,3
월드컵,3
물건,3
부의,3
하늘,3
경오,3
레트로,3
경영,3
마케팅,3
그닥,3
뒷모습,3
상위,3
저녁,3
눈앞,3
잠재,3
흡입,3
믿음,3
추측,3
운용,3
생명,3
원리,3
고음,3
승객,3
에이,3
애플리케이션,3
유일,3
피드백,3
주어,3
나름,3
불과,3
튜플,3
서창,3
미흡,3
무한,3
수시,3
글래스,3
수십,3
피크,3
대폭,3
건의,3
로코,3
막상,3
의문,3
점수,3
위험성,3
보이스,3
증강,3
컨텐츠,3
마주,3
안착,3
승기,3
잡음,3
고스,3
재현,3
사망자,3
촉매,3
사의,3
개봉,3
초보,3
볼일,3
인스톨러,3
주정,3
작고,3
사장,3
아침,3
투톤,3
협력,3
자칫,3
입자,3
복구,3
누적,3
어플,3
퀄리티,3
본연,3
안나,3
무리,3
군산,3
그로,3
판넬,3
뒷차,3
감기,3
플래티넘,3
경사,3
반드시,3
납땜,3
주소,3
의지,3
규정,3
규제,3
과학,3
한계,3
탐색,3
직업,3
선행,3
콘솔,3
포켓,3
테마,3
래그,3
부주의,3
나볼,3
추종,3
승인,3
향후,3
어린이,3
결합,3
마켓,3
인신,3
감시카메라,3
음악,3
하향,3
일상,3
계획,3
일주일,3
재미,3
수록,3
변환,3
절기,3
종전,3
신상,3
저조,3
동물,3
와트,3
크롬,3
길찾기,3
픽업,3
후미,3
로드,3
예상,3
캐패시터,3
각심,3
냄새,3
취약,3
후면,3
제타,3
내외,3
주차공간,3
단위,3
미착,3
엠프,3
드롭,3
신슐,3
허위,3
주자,3
두물머리,3
폭등,3
두번째,3
포멧,3
레벨,3
호환,3
초광속,3
점유,3
유리면,3
물리,3
훌쩍,3
표준,3
가로막,3
단연,3
동력,3
오버,3
메이커,3
생생,3
지방도,3
발수,3
아디다스,3
페이지,3
체어,3
아이덴티티,3
스크래치,3
시선,3
투쟁,3
트러블,3
정속,3
우천,3
증대,3
악셀패달,3
서든,3
분양,3
로베토,3
접기,3
상식,3
어디가,3
중심,3
폭도,3
네트워크,3
부근,3
대결,3
대체,3
삽입구,3
트레일러,3
수분,3
세그먼트,3
서행,3
편차,3
중임,3
아래쪽,3
해석,3
과실,3
상상,3
각인,3
무용지물,3
가닥,3
판도,3
정신,3
오랫동안,3
리셋,3
댓글,3
나이트,3
주로,3
악세사리,3
테이,3
음으로,3
곳도,3
라이,3
목록,3
앞뒤,3
운전대,3
공사,3
녹음,3
뷰어,3
엔트리,3
혼동,3
펜더,3
매직,3
맥킨,3
인문학,3
주모,3
오리,3
손사래,3
자신감,3
거란,3
뉴스,3
마이너,3
안전벨트,3
책임,3
기자,3
크로스오버,3
형성,3
정체,3
저속,3
익스플로러,3
품번,3
공조,3
체인지,3
국민,3
서리,3
계산,3
위협,3
버스,3
아이디,3
전기모터,3
잘못,3
일일이,3
김팀,3
흰색,3
사건,3
수단,3
단가,3
거나,3
양산,3
강판,3
핸드폰,3
존슨,3
상관,3
대수,3
코리아,3
건조,3
컨버터블,3
엄연히,3
고해,3
마다,3
컴팩트,3
관계자,3
특급,3
휴대폰,3
단말기,3
수고,3
사량,3
디스크,3
브로스,3
일대,3
의견,3
아빠,3
소모품,3
구분,3
원격,3
장인,3
스포,3
차라,3
오지,3
수동식,3
뒷쪽,3
공격,3
가이드라인,3
스티어링휠,3
지인,3
데이라이트,3
상용차,3
윤리,3
지난해,3
도장,3
나기,3
윌리스,3
두운,3
릴레이,3
과언,3
차속,3
직하,3
사무실,3
터치스크린,3
빨간색,3
다크,3
잠재력,3
측량,3
종은,3
웨어,3
부재,3
저음,3
불만,3
스포일러,3
캔선,3
