"","x"
"the",376
"organ",254
"manag",221
"system",193
"work",193
"project",183
"problem",170
"exampl",164
"differ",157
"approach",151
"question",150
"this",147
"data",141
"peopl",141
"process",138
"chang",127
"model",124
"decis",110
"time",109
"map",104
"import",102
"design",100
"group",97
"issu",93
"enterpris",92
"mani",90
"practic",89
"understand",89
"consult",86
"action",85
"discuss",84
"base",83
"busi",83
"develop",82
"view",81
"situat",79
"case",74
"team",74
"risk",72
"howev",69
"plan",69
"world",68
"ibis",67
"paper",67
"user",65
"follow",63
"know",63
"consequ",62
"for",62
"mean",62
"uncertainti",62
"note",61
"possibl",61
"fact",60
"interest",59
"result",59
"surpris",58
"best",56
"flexibl",55
"focus",55
"term",55
"actual",54
"deal",54
"inform",54
"object",54
"context",53
"stakehold",53
"theori",53
"indeed",52
"ration",52
"dialogu",51
"sens",50
"author",49
"involv",49
"routin",49
"word",49
"book",48
"done",48
"reason",48
"relat",48
"start",48
"techniqu",48
"common",47
"error",47
"matter",47
"standard",47
"complex",46
"cost",46
"emerg",46
"general",46
"human",46
"state",46
"within",46
"condit",45
"structur",45
"call",44
"idea",44
"knowledg",44
"repres",44
"respons",44
"year",44
"convers",43
"type",43
"detail",42
"environ",42
"figur",42
"perform",42
"social",42
"big",40
"event",40
"requir",40
"just",39
"profession",39
"although",38
"defin",38
"high",38
"one",38
"technolog",38
"answer",37
"better",37
"build",37
"describ",37
"key",37
"made",37
"real",37
"realiti",37
"wick",37
"captur",36
"happen",36
"implement",36
"must",36
"success",36
"there",36
"framework",35
"give",35
"hand",35
"other",35
"aspect",34
"certain",34
"clear",34
"creat",34
"experi",34
"failur",34
"find",34
"instead",34
"product",34
"specif",34
"complet",33
"individu",33
"initi",33
"open",33
"present",33
"therefor",33
"these",33
"truth",33
"typic",33
"architect",32
"becom",32
"caus",32
"execut",32
"lead",32
"live",32
"what",32
"claim",31
"expert",31
"generat",31
"i뭭e",31
"job",31
"offer",31
"perspect",31
"polit",31
"realli",31
"whether",31
"argument",30
"around",30
"natur",30
"softwar",30
"without",30
"you",30
"area",29
"assum",29
"direct",29
"function",29
"intern",29
"oper",29
"outcom",29
"such",29
"support",29
"true",29
"back",28
"collabor",28
"control",28
"cours",28
"fail",28
"long",28
"mention",28
"seem",28
"technic",28
"aim",27
"articl",27
"believ",27
"facilit",27
"featur",27
"holm",27
"increas",27
"intellig",27
"learn",27
"notat",27
"paul",27
"talk",27
"that",27
"thought",27
"when",27
"yes",27
"ambigu",26
"consid",26
"depend",26
"document",26
"expect",26
"level",26
"main",26
"option",26
"overlook",26
"prof",26
"provid",26
"share",26
"singl",26
"studi",26
"and",25
"associ",25
"enabl",25
"engag",25
"factor",25
"moreov",25
"node",25
"place",25
"posit",25
"usual",25
"address",24
"architectur",24
"entrepreneurship",24
"futur",24
"line",24
"notion",24
"rule",24
"three",24
"wide",24
"but",23
"depart",23
"heraclitus",23
"hold",23
"led",23
"obvious",23
"origin",23
"parmenid",23
"prefer",23
"sensemak",23
"space",23
"valu",23
"across",22
"construct",22
"custom",22
"definit",22
"implic",22
"i뭠l",22
"mainstream",22
"occur",22
"part",22
"power",22
"propos",22
"rich",22
"short",22
"simpli",22
"they",22
"toward",22
"written",22
"abil",21
"alway",21
"close",21
"consist",21
"domain",21
"effort",21
"ethic",21
"final",21
"limit",21
"number",21
"person",21
"procedur",21
"recent",21
"sean",21
"simpl",21
"small",21
"solut",21
"sometim",21
"suggest",21
"tool",21
"turn",21
"wherea",21
"activ",20
"altern",20
"assumpt",20
"dilemma",20
"effect",20
"goal",20
"includ",20
"introduct",20
"move",20
"observ",20
"order",20
"read",20
"reflect",20
"relev",20
"search",20
"uniqu",20
"video",20
"yet",20
"classic",19
"consider",19
"continu",19
"difficult",19
"element",19
"govern",19
"imposs",19
"improv",19
"intend",19
"interpret",19
"leav",19
"less",19
"let",19
"logic",19
"methodolog",19
"myth",19
"perhap",19
"pole",19
"pretti",19
"principl",19
"probabl",19
"research",19
"taken",19
"yeah",19
"ago",18
"applic",18
"bryant",18
"built",18
"choic",18
"coupl",18
"cultur",18
"disclos",18
"elabor",18
"employe",18
"glyma",18
"identifi",18
"illustr",18
"least",18
"lie",18
"life",18
"method",18
"obliqu",18
"pattern",18
"piec",18
"relationship",18
"second",18
"similar",18
"stori",18
"well",18
"wrong",18
"analysi",17
"appear",17
"appropri",17
"attribut",17
"concern",17
"corpor",17
"critic",17
"despit",17
"determin",17
"don뭪 ",17
"egg",17
"encourag",17
"given",17
"latter",17
"now",17
"platitud",17
"remain",17
"scientif",17
"skill",17
"tri",17
"unexpect",17
"viewpoint",17
"whole",17
"accept",16
"accord",16
"another",16
"benefit",16
"came",16
"check",16
"client",16
"collect",16
"comment",16
"compendium",16
"divers",16
"earlier",16
"easi",16
"entrepreneur",16
"exist",16
"explain",16
"face",16
"four",16
"frame",16
"guy",16
"histori",16
"insight",16
"later",16
"leadership",16
"negat",16
"opportun",16
"play",16
"practition",16
"refer",16
"scapegoat",16
"side",16
"signific",16
"task",16
"valid",16
"wrote",16
"act",15
"anomali",15
"appli",15
"artifact",15
"avoid",15
"behind",15
"contrast",15
"convent",15
"display",15
"editor뭩 note",15
"from",15
"goe",15
"hard",15
"list",15
"major",15
"next",15
"program",15
"quot",15
"rational",15
"recommend",15
"report",15
"ritual",15
"role",15
"section",15
"sharepoint",15
"shift",15
"solv",15
"sort",15
"strateg",15
"subject",15
"togeth",15
"train",15
"via",15
"affect",14
"appreci",14
"basic",14
"begin",14
"entitl",14
"everi",14
"evolv",14
"familiar",14
"fix",14
"gather",14
"head",14
"improvis",14
"influenc",14
"innov",14
"known",14
"link",14
"measur",14
"norm",14
"offic",14
"qualiti",14
"rare",14
"rate",14
"reduc",14
"serv",14
"show",14
"some",14
"step",14
"strategi",14
"tackl",14
"thus",14
"trust",14
"univers",14
"vendor",14
"workshop",14
"write",14
"<96>",13
"advantag",13
"agre",13
"almost",13
"along",13
"alreadi",13
"andor",13
"bring",13
"carri",13
"categori",13
"causal",13
"content",13
"correct",13
"encount",13
"ensur",13
"home",13
"how",13
"ignor",13
"it<U+393C><U+3E34>",13
"keep",13
"learnt",13
"left",13
"light",13
"maker",13
"mechanis",13
"member",13
"mine",13
"opinion",13
"perceiv",13
"polar",13
"secur",13
"someon",13
"statement",13
"still",13
"tradit",13
"upfront",13
"worldview",13
"밯hat",13
"access",12
"acknowledg",12
"analys",12
"argu",12
"background",12
"beyond",12
"communic",12
"conceptu",12
"conclus",12
"concret",12
"connect",12
"culmse",12
"engin",12
"entiti",12
"essenti",12
"explor",12
"gain",12
"inevit",12
"intent",12
"ironi",12
"knew",12
"maintain",12
"mechan",12
"minut",12
"name",12
"neil",12
"nevertheless",12
"non",12
"old",12
"pmo",12
"pmos",12
"potenti",12
"precis",12
"predict",12
"see",12
"senior",12
"somewhat",12
"store",12
"stuff",12
"style",12
"thank",12
"then",12
"top",12
"under",12
"unfortun",12
"various",12
"worth",12
"you뭨 ",12
"among",11
"aris",11
"attitud",11
"comput",11
"consensus",11
"correspond",11
"decid",11
"disciplin",11
"driven",11
"either",11
"exercis",11
"friend",11
"front",11
"gap",11
"highlight",11
"industri",11
"infrastructur",11
"interact",11
"invari",11
"it뭩 ",11
"i뭢 ",11
"laugh",11
"matur",11
"mind",11
"most",11
"outsourc",11
"per",11
"physic",11
"reader",11
"realiz",11
"record",11
"resolv",11
"root",11
"seek",11
"speed",11
"superfici",11
"theme",11
"togaf",11
"밯ell",11
"advic",10
"akin",10
"anyth",10
"avail",10
"belief",10
"blame",10
"capabl",10
"characterist",10
"class",10
"coin",10
"concept",10
"current",10
"debat",10
"dimens",10
"essenc",10
"even",10
"exact",10
"feel",10
"fit",10
"guess",10
"guidelin",10
"heidegg",10
"here",10
"immedi",10
"inde",10
"i뭗 ",10
"leader",10
"necessari",10
"notic",10
"parti",10
"particip",10
"philosophi",10
"previous",10
"represent",10
"rittel",10
"seam",10
"select",10
"seri",10
"staff",10
"student",10
"told",10
"troubl",10
"week",10
"abstract",9
"account",9
"after",9
"all",9
"allow",9
"appar",9
"attent",9
"autom",9
"basi",9
"behaviour",9
"bias",9
"break",9
"challeng",9
"cloud",9
"committe",9
"conflict",9
"constraint",9
"cope",9
"deep",9
"deontic",9
"domin",9
"due",9
"establish",9
"everyon",9
"fair",9
"flaw",9
"form",9
"former",9
"got",9
"ground",9
"impos",9
"inadequ",9
"increment",9
"interview",9
"kpis",9
"lesson",9
"locat",9
"meet",9
"multipl",9
"narrat",9
"navig",9
"necessarili",9
"nice",9
"noth",9
"platform",9
"poor",9
"purpos",9
"regular",9
"rememb",9
"respond",9
"reveal",9
"run",9
"scienc",9
"spectrum",9
"spend",9
"stand",9
"summaris",9
"took",9
"watson",9
"whatev",9
"wonder",9
"adjust",8
"align",8
"alon",8
"artefact",8
"blog",8
"chanc",8
"cognit",8
"coher",8
"commit",8
"cover",8
"craft",8
"easier",8
"felt",8
"forc",8
"formal",8
"hackman",8
"heresi",8
"kunz",8
"languag",8
"law",8
"local",8
"loss",8
"manageri",8
"manner",8
"mode",8
"near",8
"occurr",8
"often",8
"paradox",8
"polici",8
"postmodern",8
"primarili",8
"psycholog",8
"psychologist",8
"rang",8
"reach",8
"resili",8
"sale",8
"school",8
"sell",8
"session",8
"six",8
"special",8
"stop",8
"strong",8
"summar",8
"suppos",8
"switch",8
"symbol",8
"tag",8
"titl",8
"topic",8
"transform",8
"ub폭스바겐",8
"understood",8
"version",8
"virtu",8
"went",8
"wisdom",8
"you<U+393C><U+3E34>",8
"꿢nd",8
"<95>",7
"accur",7
"adequ",7
"adopt",7
"agent",7
"agile",7
"alvesson",7
"amount",7
"anxieti",7
"apart",7
"apparit",7
"bradley",7
"broad",7
"capac",7
"classif",7
"classifi",7
"colleagu",7
"comfort",7
"conklin",7
"convinc",7
"correl",7
"criteria",7
"danger",7
"descript",7
"diagnosi",7
"diagon",7
"difficulti",7
"effici",7
"emphasis",7
"equip",7
"eventu",7
"everyth",7
"expens",7
"fashion",7
"feedback",7
"financi",7
"first",7
"five",7
"formul",7
"full",7
"fundament",7
"further",7
"half",7
"held",7
"higher",7
"holmes<U+393C><U+3E32>",7
"host",7
"hour",7
"indic",7
"inspir",7
"iter",7
"jeff",7
"kpi",7
"length",7
"longer",7
"manifest",7
"materi",7
"mental",7
"messag",7
"messi",7
"miner",7
"miss",7
"mistak",7
"neutral",7
"novel",7
"organis",7
"outlin",7
"outsid",7
"pictur",7
"pleas",7
"prescript",7
"prone",7
"publish",7
"rais",7
"raw",7
"readi",7
"receiv",7
"regard",7
"resourc",7
"restructur",7
"review",7
"scenario",7
"scope",7
"sensibl",7
"separ",7
"seven",7
"sign",7
"smile",7
"sound",7
"speak",7
"standardis",7
"statist",7
"stay",7
"summari",7
"their",7
"uncertain",7
"unchang",7
"vision",7
"walk",7
"western",7
"wish",7
"밳es",7
"academ",6
"advertis",6
"affair",6
"anyon",6
"arriv",6
"art",6
"authent",6
"brain",6
"broker",6
"budget",6
"care",6
"central",6
"centuri",6
"chair",6
"chapter",6
"choos",6
"clariti",6
"click",6
"coach",6
"coal",6
"communiti",6
"complic",6
"confus",6
"constitut",6
"coordin",6
"databas",6
"dealt",6
"deliv",6
"distinct",6
"distinguish",6
"drechsler",6
"drive",6
"each",6
"einstein",6
"els",6
"emphas",6
"enforc",6
"equal",6
"eriksen",6
"esoter",6
"evid",6
"except",6
"experienc",6
"experiment",6
"extens",6
"extern",6
"eye",6
"fall",6
"forego",6
"forward",6
"foster",6
"frequent",6
"gibis",6
"hero",6
"hole",6
"honest",6
"ideal",6
"impli",6
"impress",6
"informat",6
"integr",6
"iron",6
"issue",6
"johansson",6
"larger",6
"late",6
"latent",6
"let뭩 ",6
"lose",6
"make",6
"man",6
"me<U+393C><U+3E34>",6
"media",6
"metaphor",6
"month",6
"much",6
"mutual",6
"nail",6
"once",6
"oppos",6
"over",6
"pay",6
"philosoph",6
"pick",6
"popular",6
"prescrib",6
"pressur",6
"problemat",6
"proceed",6
"profess",6
"properti",6
"recogn",6
"reconcil",6
"remark",6
"rep",6
"repli",6
"resolut",6
"rest",6
"rhetor",6
"rise",6
"ritualis",6
"save",6
"scale",6
"serious",6
"servic",6
"shortcom",6
"sinc",6
"site",6
"size",6
"soft",6
"sourc",6
"spent",6
"sure",6
"survey",6
"symptom",6
"tacit",6
"trace",6
"treat",6
"trend",6
"typolog",6
"unforeseen",6
"util",6
"varieti",6
"versus",6
"visual",6
"watson<U+393C><U+3E34>",6
"we뭨e",6
"whose",6
"with",6
"workplac",6
"worri",6
"writer",6
"x<U+393C><U+3E34>",6
"zone",6
"밫he",6
"밳ou",6
"밷est",6
"밷ut",6
"addit",5
"admit",5
"advanc",5
"advers",5
"anecdot",5
"antifragil",5
"articul",5
"assembl",5
"bad",5
"bateson",5
"beer",5
"befor",5
"bowl",5
"briefli",5
"brilliant",5
"bunch",5
"can뭪 ",5
"cartesian",5
"chosen",5
"coalfac",5
"commerci",5
"compani",5
"compar",5
"comprehens",5
"conclud",5
"contain",5
"contest",5
"contextu",5
"contradictori",5
"converg",5
"cooper",5
"could",5
"dead",5
"demonstr",5
"desk",5
"doppelgang",5
"earn",5
"educ",5
"embodi",5
"enhanc",5
"evalu",5
"exagger",5
"expend",5
"forth",5
"free",5
"game",5
"generalis",5
"gone",5
"guarante",5
"guid",5
"haberma",5
"handl",5
"have",5
"henc",5
"heretic뭩 guid",5
"hierarchi",5
"hint",5
"hope",5
"ill",5
"impact",5
"incomplet",5
"incorpor",5
"inher",5
"intervent",5
"intranet",5
"introduc",5
"invit",5
"johnson",5
"land",5
"laughter",5
"lifecycl",5
"liter",5
"love",5
"low",5
"mainfram",5
"market",5
"meaning",5
"meant",5
"memori",5
"mid",5
"minim",5
"mistaken",5
"moral",5
"motiv",5
"negoti",5
"neither",5
"network",5
"ongo",5
"onlin",5
"opposit",5
"page",5
"paid",5
"path",5
"paus",5
"percept",5
"perfect",5
"phase",5
"portray",5
"practice<U+393C><U+3E34>",5
"pre",5
"primari",5
"prior",5
"programm",5
"prove",5
"public",5
"quadrant",5
"questmap",5
"radic",5
"rapid",5
"recal",5
"reckon",5
"remind",5
"replac",5
"rocket",5
"rotten",5
"sensit",5
"settl",5
"sever",5
"shall",5
"sherlock",5
"sit",5
"socio",5
"specifi",5
"spoke",5
"sponsorship",5
"steer",5
"strike",5
"subsequ",5
"subset",5
"suffer",5
"suit",5
"suspect",5
"tabl",5
"taught",5
"tdi",5
"teach",5
"test",5
"theoret",5
"today",5
"travel",5
"trigger",5
"unfold",5
"unlik",5
"upon",5
"von",5
"we뭠l",5
"wikipedia",5
"work<U+393C><U+3E34>",5
"wors",5
"worthi",5
"you뭨 go",5
"김포
게러지",5
"꿻he",5
"absolut",4
"accompani",4
"actant",4
"actor",4
"adapt",4
"add",4
"agreement",4
"air",4
"alloc",4
"altogeth",4
"analyst",4
"anti",4
"anticip",4
"archetyp",4
"are",4
"aren뭪 ",4
"asset",4
"assign",4
"attach",4
"attend",4
"audienc",4
"autonom",4
"bamforth",4
"becam",4
"bigger",4
"board",4
"bodi",4
"boundari",4
"box",4
"brought",4
"bureaucrat",4
"buzzword",4
"catch",4
"center",4
"chat",4
"checklist",4
"chees",4
"clarifi",4
"closer",4
"code",4
"coffe",4
"compromis",4
"con",4
"confront",4
"conscienc",4
"conscious",4
"constrain",4
"conting",4
"contradict",4
"corner",4
"crisi",4
"customari",4
"david",4
"decad",4
"deem",4
"deepli",4
"defens",4
"demand",4
"depict",4
"desir",4
"devis",4
"disagre",4
"discourag",4
"discours",4
"done<U+393C><U+3E34>",4
"don뭪 know",4
"doubl",4
"doubt",4
"dramat",4
"drawn",4
"drift",4
"earliest",4
"easili",4
"elimin",4
"embed",4
"empir",4
"entail",4
"enter",4
"enumer",4
"environment",4
"erp",4
"escap",4
"especi",4
"espous",4
"everyday",4
"excel",4
"expertis",4
"explicit",4
"extend",4
"fabl",4
"facet",4
"famili",4
"field",4
"fill",4
"finish",4
"foerster",4
"folk",4
"forese",4
"foreseen",4
"fraction",4
"gate",4
"genuin",4
"grammar",4
"greater",4
"haighmoor",4
"happi",4
"harder",4
"hear",4
"heard",4
"heinz",4
"hidden",4
"horst",4
"hous",4
"imag",4
"imagin",4
"input",4
"instanc",4
"institut",4
"invent",4
"inventor",4
"john",4
"labour",4
"lou",4
"machin",4
"management<U+393C><U+3E34>",4
"manual",4
"master",4
"mate",4
"modern",4
"modifi",4
"money",4
"mundan",4
"new",4
"night",4
"none",4
"not",4
"now<U+393C><U+3E34>",4
"organiz",4
"orient",4
"otherwis",4
"overal",4
"overcom",4
"pain",4
"paraphras",4
"past",4
"period",4
"pertain",4
"phrase",4
"ponder",4
"pose",4
"preston",4
"presum",4
"pro",4
"produc",4
"pros",4
"pursu",4
"puzzl",4
"queri",4
"regardless",4
"reinforc",4
"reli",4
"remov",4
"rigid",4
"room",4
"safe",4
"safeti",4
"savag",4
"schon",4
"shown",4
"sigma",4
"slow",4
"sociotechn",4
"spare",4
"sponsor",4
"static",4
"straightforward",4
"submit",4
"sum",4
"surfac",4
"sustain",4
"swiss",4
"target",4
"tavistock",4
"that<U+393C><U+3E34>",4
"third",4
"this<U+393C><U+3E34>",4
"total",4
"trade",4
"trader",4
"transfer",4
"transpar",4
"trist",4
"trivial",4
"unawar",4
"undecid",4
"underground",4
"unintend",4
"unit",4
"unusu",4
"virtual",4
"war",4
"whi",4
"workgroup",4
"밒 doubt",4
"밚et",4
"밳eah",4
"번호판
머플러
장착",4
"about<U+393C><U+3E34>",3
"absorb",3
"advoc",3
"afield",3
"aforement",3
"agenc",3
"agil",3
"aid",3
"alarm",3
"all<U+393C><U+3E34>",3
"analyz",3
"ani",3
"arrang",3
"arrow",3
"artist",3
"aspir",3
"assert",3
"autonomi",3
"bake",3
"baker",3
"barber",3
"bear",3
"beauti",3
"beg",3
"began",3
"behavior",3
"behold",3
"biggest",3
"blanket",3
"blind",3
"bloomberg",3
"blueprint",3
"boil",3
"bottom",3
"bound",3
"camp",3
"car",3
"cast",3
"caught",3
"cavallo",3
"cent",3
"centralis",3
"chronic",3
"ciborra",3
"circl",3
"circumst",3
"cite",3
"compel",3
"compet",3
"competit",3
"complianc",3
"compon",3
"compos",3
"confid",3
"contenti",3
"contract",3
"contrari",3
"conveni",3
"copi",3
"core",3
"countertransfer",3
"credit",3
"criterion",3
"crop",3
"cross",3
"crowd",3
"crux",3
"culture<U+393C><U+3E34>",3
"customis",3
"cut",3
"cycl",3
"damn",3
"date",3
"deconstruct",3
"deeper",3
"delib",3
"deliber",3
"democraci",3
"diagram",3
"digest",3
"dinner",3
"distribut",3
"diverg",3
"divid",3
"divis",3
"do<U+393C><U+3E34>",3
"doe",3
"downsid",3
"duplic",3
"dynam",3
"earth",3
"eat",3
"edit",3
"eleg",3
"elicit",3
"emot",3
"employ",3
"entrepreneuri",3
"epistemolog",3
"excerpt",3
"exhibit",3
"exhort",3
"explan",3
"express",3
"extent",3
"extrem",3
"fantasi",3
"fear",3
"feasibl",3
"feldman",3
"filter",3
"flight",3
"forget",3
"forgotten",3
"forti",3
"foundat",3
"fruit",3
"gentl",3
"gig",3
"gloss",3
"googl",3
"graphic",3
"grappl",3
"grass",3
"gregori",3
"grow",3
"habermas<U+393C><U+3E32>",3
"hang",3
"health",3
"hell",3
"hire",3
"his",3
"histor",3
"ident",3
"identif",3
"inclin",3
"incorrect",3
"incred",3
"instal",3
"interfac",3
"inthi",3
"irrit",3
"jame",3
"judg",3
"kay",3
"klein",3
"label",3
"layer",3
"lean",3
"legal",3
"leisur",3
"leverag",3
"linear",3
"listen",3
"lord",3
"lost",3
"lower",3
"lyytinen",3
"mark",3
"maxwel",3
"mentor",3
"mere",3
"met",3
"microsoft",3
"middl",3
"mission",3
"misunderstood",3
"mix",3
"moment",3
"more",3
"morn",3
"motion",3
"movement",3
"multin",3
"newli",3
"newton",3
"normal",3
"odd",3
"omelet",3
"optimist",3
"oscil",3
"overhead",3
"overrid",3
"oversight",3
"overview",3
"paradigm",3
"patient",3
"peer",3
"pentland",3
"persist",3
"perth",3
"peter",3
"phone",3
"physicist",3
"pmbok",3
"portal",3
"preced",3
"predomin",3
"prepar",3
"price",3
"profil",3
"project<U+393C><U+3E34>",3
"promot",3
"proper",3
"prototyp",3
"pseudo",3
"purchas",3
"push",3
"quick",3
"react",3
"reaction",3
"realist",3
"recept",3
"reduct",3
"refus",3
"reiter",3
"reliabl",3
"resembl",3
"resist",3
"respect",3
"retir",3
"retrospect",3
"revis",3
"reward",3
"richard",3
"right<U+393C><U+3E34>",3
"ring",3
"road",3
"robust",3
"rollout",3
"sad",3
"salient",3
"sampl",3
"saw",3
"scapego",3
"scientist",3
"sector",3
"seldom",3
"self",3
"shake",3
"ship",3
"shook",3
"sixth",3
"slide",3
"smaller",3
"snapshot",3
"so<U+393C><U+3E34>",3
"sole",3
"solicit",3
"spacecraft",3
"specialis",3
"spirit",3
"spot",3
"squar",3
"stage",3
"stain",3
"status",3
"stereotyp",3
"strap",3
"struck",3
"struggl",3
"subsidiari",3
"substanc",3
"subtl",3
"succeed",3
"supervis",3
"supplier",3
"suppress",3
"suscept",3
"tailor",3
"teacher",3
"tentat",3
"territori",3
"that뭩 ",3
"them<U+393C><U+3E34>",3
"there뭩 ",3
"think",3
"thorough",3
"throughout",3
"toler",3
"tome",3
"truli",3
"ubiqu",3
"uncontrol",3
"unduli",3
"unknown",3
"unless",3
"unpack",3
"unsaf",3
"vari",3
"variabl",3
"veri",3
"visit",3
"voic",3
"warehous",3
"we뭭e",3
"whiteboard",3
"wider",3
"widespread",3
"won뭪 go",3
"workaround",3
"worker",3
"wrist",3
"your",3
"김포시",3
"밐ow",3
"뱒olution<U+393C><U+3E34>",3
"뱓he",3
"뱟but",3
"석모리
",3
"수입차
정비",3
"액세서리",3
"전화번호",3
"프로모션",3
"<bb>",2
"absente",2
"accid",2
"active",2
"actualli",2
"adher",2
"ado",2
"adventur",2
"adversari",2
"advis",2
"advisori",2
"afternoon",2
"again",2
"agenda",2
"aka",2
"algorithm",2
"alleg",2
"allud",2
"alright",2
"also",2
"ambiti",2
"ambival",2
"amongst",2
"analog",2
"ander",2
"answer<U+393C><U+3E34>",2
"answers<U+393C><U+3E34>",2
"anteced",2
"anybodi",2
"anyway",2
"app",2
"appeal",2
"approved<U+393C><U+3E34>",2
"apt",2
"are<U+393C><U+3E34>",2
"aren뭪<U+393C><U+3E34> ",2
"arguabl",2
"artistri",2
"aside",2
"assur",2
"audio",2
"audiovideo",2
"australia",2
"averag",2
"bargain",2
"bearer",2
"bemoan",2
"beta",2
"bill",2
"blood",2
"boks",2
"bold",2
"bonus",2
"born",2
"borrow",2
"both",2
"bowker",2
"boyd",2
"brainers<U+393C><U+3E34>",2
"breakdown",2
"breakthrough",2
"bridg",2
"british",2
"broaden",2
"bucket",2
"bulb<U+393C><U+3E34>",2
"bureaucraci",2
"burgeon",2
"buy",2
"caf<U+653C><U+3E39>",2
"campus",2
"card",2
"care<U+393C><U+3E34>",2
"cash",2
"catastroph",2
"centr",2
"ceo",2
"chain",2
"champion",2
"charact",2
"charge<U+393C><U+3E34>",2
"chase",2
"chino",2
"chord",2
"chris",2
"clarif",2
"claudio",2
"claus",2
"clerk",2
"clients<U+393C><U+3E32>",2
"climat",2
"clinic",2
"cloth",2
"codifi",2
"collag",2
"communiqu",2
"complement",2
"complementari",2
"compli",2
"computer",2
"conduc",2
"confer",2
"conform",2
"connot",2
"consensu",2
"constant",2
"contemporari",2
"contribut",2
"cook",2
"corollari",2
"couch",2
"counter",2
"crawford",2
"crimin",2
"crise",2
"critiqu",2
"curious",2
"cybernet",2
"cyberneticist",2
"dab",2
"damag",2
"daniel",2
"dataset",2
"day<U+393C><U+3E34>",2
"dear",2
"decreas",2
"dedic",2
"defenc",2
"degre",2
"delay",2
"deleg",2
"delv",2
"democrat",2
"denot",2
"desktop",2
"detach",2
"detect",2
"development<U+393C><U+3E34>",2
"devic",2
"diagnost",2
"dialog",2
"dictionari",2
"didn뭪 ",2
"didn뭪 work",2
"directori",2
"disappoint",2
"disast",2
"discern",2
"disclosur",2
"discover",2
"dispassion",2
"disput",2
"distant",2
"dive",2
"doesn뭪 ",2
"dollar",2
"doublespeak",2
"drama",2
"drill",2
"drop",2
"drucker",2
"dubious",2
"dysfunct",2
"econom",2
"economist",2
"electromagnet",2
"elementari",2
"elsewher",2
"embark",2
"embrac",2
"emergent",2
"empathi",2
"encod",2
"energi",2
"enjoy",2
"enquir",2
"enquiri",2
"entertain",2
"envis",2
"envisag",2
"era",2
"essay",2
"essence<U+393C><U+3E34>",2
"estim",2
"evidenc",2
"evoc",2
"evolut",2
"evolutionari",2
"examin",2
"exchang",2
"excit",2
"exclus",2
"excus",2
"exemplar",2
"exhaust",2
"exploit",2
"expos",2
"extract",2
"extrapol",2
"factual",2
"fals",2
"famous",2
"fast",2
"favour",2
"fed",2
"fellow",2
"fetish",2
"fig",2
"fine",2
"finger",2
"fli",2
"flick",2
"foreshadow",2
"forest",2
"foreword",2
"forum",2
"fragil",2
"fraught",2
"frontal",2
"frontlin",2
"frustrat",2
"fuel",2
"fulli",2
"fuse",2
"game<U+393C><U+3E34>",2
"garage",2
"garden",2
"gave",2
"gear",2
"generic",2
"german",2
"glanc",2
"golf",2
"grandios",2
"graph",2
"green",2
"greener",2
"groupwar",2
"guru",2
"hack",2
"hallway",2
"handi",2
"handov",2
"hardest",2
"harford",2
"harmon",2
"hate",2
"heideggerean",2
"heidegger뭩 philosophi",2
"hello",2
"help<U+393C><U+3E34>",2
"heraclitian",2
"heurist",2
"hide",2
"hierarch",2
"highway",2
"hillman",2
"hinder",2
"hindsight",2
"hippi",2
"hit",2
"hypertext",2
"ilk",2
"immens",2
"immers",2
"imper",2
"implicit",2
"incent",2
"inclusion",2
"incommensur",2
"inconsist",2
"independ",2
"indirect",2
"infer",2
"infrequ",2
"innovat",2
"innovation<U+393C><U+3E34>",2
"instinct",2
"instructor",2
"intellectu",2
"interest<U+393C><U+3E34>",2
"interrel",2
"interrupt",2
"interven",2
"intract",2
"intrigu",2
"introductori",2
"invest",2
"investig",2
"isn뭪 ",2
"isn뭪 go",2
"is꿾el",2
"iterativeincrement",2
"itil",2
"ivori",2
"i뭢 deal",2
"i뭢 go",2
"joint",2
"journal",2
"journey",2
"judgement",2
"judgment",2
"juergen",2
"juggl",2
"kailash",2
"kay뭩 book",2
"kept",2
"keyword",2
"kid",2
"laid",2
"laps",2
"launch",2
"lectur",2
"legitim",2
"let뭩 begin",2
"liabl",2
"likelihood",2
"linkedin",2
"lock",2
"loop",2
"loui",2
"lowest",2
"luck",2
"lucki",2
"magazin",2
"mainstay",2
"malais",2
"massiv",2
"match",2
"matter<U+393C><U+3E34>",2
"mayb",2
"maze",2
"meander",2
"medic",2
"men",2
"merit",2
"metadata",2
"migrat",2
"mindless",2
"misunderstand",2
"mitig",2
"monitor",2
"mortem",2
"motionless",2
"multi",2
"multifacet",2
"music",2
"nation",2
"nationalis",2
"necess",2
"news",2
"newton뭩 law",2
"nighter",2
"nine",2
"nobodi",2
"not<U+393C><U+3E34>",2
"notwithstand",2
"novic",2
"obsolet",2
"obtain",2
"oft",2
"oil",2
"omit",2
"one뭩 life",2
"onli",2
"ostens",2
"other<U+393C><U+3E34>",2
"others<U+393C><U+3E32>",2
"others<U+393C><U+3E34>",2
"outreach",2
"overarch",2
"overt",2
"overwork",2
"oxford",2
"oxymoron",2
"panacea",2
"paragraph",2
"partial",2
"patch",2
"pathogen",2
"patienc",2
"persona",2
"phenomenon",2
"picket",2
"polic",2
"politician",2
"possess",2
"postgradu",2
"practices<U+393C><U+3E34>",2
"preach",2
"precursor",2
"premis",2
"press",2
"prevent",2
"print",2
"privat",2
"proactiv",2
"problem<U+393C><U+3E34>",2
"profit",2
"prof뭩 offic",2
"promin",2
"promis",2
"pronounc",2
"protect",2
"proven",2
"purveyor",2
"purview",2
"put",2
"quantit",2
"questions<U+393C><U+3E34>",2
"quit",2
"ralph",2
"rather",2
"recognis",2
"recognit",2
"recur",2
"reform",2
"refram",2
"regim",2
"releg",2
"reluct",2
"renew",2
"reorgan",2
"repertoir",2
"reput",2
"request",2
"resort",2
"return",2
"revisit",2
"revv",2
"richer",2
"ride",2
"rife",2
"rigor",2
"rigour",2
"riski",2
"round",2
"routine<U+393C><U+3E34>",2
"safeguard",2
"sat",2
"saucer",2
"savage뭩 approach",2
"scarc",2
"scholar",2
"scrutini",2
"searchabl",2
"season",2
"seat",2
"segment",2
"send",2
"sense<U+393C><U+3E34>",2
"sequenc",2
"she",2
"sheer",2
"shoot",2
"shorn",2
"shortcut",2
"shot",2
"shout",2
"shum",2
"sic",2
"signal",2
"simplifi",2
"simplist",2
"sketch",2
"slice",2
"sllkc",2
"smell",2
"snake",2
"sold",2
"somehow",2
"sophist",2
"specul",2
"spell",2
"split",2
"spoken",2
"sprain",2
"stake",2
"standalon",2
"standish",2
"stark",2
"stephen",2
"sticki",2
"straight",2
"street",2
"strength",2
"stress",2
"strict",2
"string",2
"strive",2
"stumbl",2
"stupid",2
"sub",2
"super",2
"surmis",2
"swamp",2
"swim",2
"syndrom",2
"synonym",2
"synthesi",2
"synthesis",2
"systemat",2
"tad",2
"talent",2
"tame",2
"ten",2
"tens",2
"termin",2
"terrif",2
"text",2
"textbook",2
"that뭩 know",2
"that뭩 realli",2
"theorist",2
"there<U+393C><U+3E34>",2
"there뭩 noth",2
"thinker",2
"thoma",2
"thread",2
"thrive",2
"through<U+393C><U+3E34>",2
"throw",2
"tie",2
"tight",2
"tom",2
"tomich",2
"tour",2
"tower",2
"tragedi",2
"trajectori",2
"transcript",2
"tree",2
"trial",2
"trick",2
"trip",2
"tune",2
"twenti",2
"twentieth",2
"ub기존",2
"ub시공내용",2
"ub시공모델",2
"ub안녕하세요
폭스",2
"umbrella",2
"unaddress",2
"unambigu",2
"unappreci",2
"uncertainty꿢nd",2
"uncommon",2
"uncoupl",2
"uncov",2
"underli",2
"underpin",2
"undesir",2
"unifi",2
"unimport",2
"universe<U+393C><U+3E34>",2
"unlike",2
"unpredict",2
"unrealist",2
"unrecogn",2
"unstabl",2
"unsuit",2
"unsurpris",2
"up<U+393C><U+3E34>",2
"upgrad",2
"upper",2
"urban",2
"urg",2
"use",2
"users<U+393C><U+3E32>",2
"vanish",2
"vehicl",2
"ventur",2
"vex",2
"vigil",2
"violat",2
"vol",2
"volum",2
"wageman",2
"wait",2
"wareh",2
"wasn뭪 ",2
"wast",2
"watch",2
"wave",2
"way<U+393C><U+3E34>",2
"web",2
"websit",2
"welcom",2
"werner",2
"what뭩 ",2
"while",2
"whilst",2
"white",2
"wicked",2
"window",2
"wit",2
"withdraw",2
"won",2
"won뭪 ",2
"wooden",2
"workmat",2
"world<U+393C><U+3E34>",2
"worst",2
"wrap",2
"wrought",2
"wwwdascom",2
"yawn",2
"you뭠l",2
"you뭨 interest",2
"zachman",2
"골프세대",2
"김포
팀게러지",2
"라이트
테일램프",2
"머플러
장착",2
"모토니티",2
"밄ut",2
"밅omments<U+393C><U+3E34>",2
"밇xcellent",2
"밎iven",2
"밒 see<U+393C><U+3E34>",2
"밒 shall",2
"밒 understand",2
"밒ndeed",2
"밡otes<U+393C><U+3E34>",2
"밢ur",2
"밣ardon",2
"밫ell",2
"밫hat",2
"밫hat뭩 ",2
"밫hat뭩 nonsense<U+393C><U+3E34>",2
"밫hey",2
"밯hen",2
"밯hy<U+393C><U+3E34>",2
"밳ou뭨 ",2
"밶nd",2
"밻xpert<U+393C><U+3E34>",2
"밼lexibility<U+393C><U+3E34>",2
"뱇ight",2
"뱋bjectiv",2
"뱋utsourc",2
"뱎ush",2
"뱑ight",2
"뱑ight<U+393C><U+3E34>",2
"뱒ymptom",2
"뱔nchang",2
"뱖hat",2
"뱖ins<U+393C><U+3E34>",2
"뱘ou",2
"번호판
머플러
ub소요시간",2
"번호판
머플러
ufeffufeff",2
"번호판
사진",2
"번호판
장착",2
"브레이크",2
"블랙박스",2
"셀프
세차",2
"수입차
전문",2
"안드로이드
올인원
내비",2
"운전석
뒷쪽",2
"유리막
코팅",2
"입니다ubub",2
"팀시
셀프
세차장
ub월요일토요일",2
"파샤트
엔진오일",2
"포스팅을",2
"하이패스",2
"<U+383C><U+3E35>as",1
"<U+383C><U+3E35>but",1
"<U+383C><U+3E35>consid",1
"<U+393C><U+3E33><U+393C><U+3E34>",1
"<U+393C><U+3E33>the",1
"abiliti",1
"abod",1
"about",1
"abrupt",1
"absenc",1
"absolutely꿢nd",1
"absurd",1
"academia",1
"accommod",1
"accuraci",1
"accurate<U+383C><U+3E35>",1
"accus",1
"ace",1
"achieve<U+393C><U+3E34>",1
"ackoff",1
"acquaint",1
"acquiesc",1
"acquir",1
"action꿾 believ",1
"action뭩 consequ",1
"actors<U+383C><U+3E35>",1
"actuallyinflu",1
"actually꿣ut",1
"acustom",1
"acya",1
"addam",1
"administ",1
"administr",1
"admiss",1
"adults<U+393C><U+3E34>",1
"affiliat",1
"affirm",1
"aficionado",1
"afloat",1
"afraid",1
"afterword",1
"again<U+393C><U+3E34>",1
"again꿫op",1
"age",1
"aggreg",1
"agilista",1
"aha",1
"ahead",1
"ahistor",1
"ahypergraph",1
"alacr",1
"albeit",1
"albert",1
"ale",1
"alik",1
"aliv",1
"allianc",1
"allur",1
"altruist",1
"amaz",1
"amazon",1
"amazon뭩 abil",1
"amen",1
"ampli",1
"analyticallog",1
"anchor",1
"ancient",1
"andaddress",1
"andgovern",1
"android",1
"and뀛
밣ardon",1
"anew",1
"angl",1
"announc",1
"anomal",1
"anomalies꿢nd",1
"anonym",1
"anthropologist",1
"antiqu",1
"antithet",1
"anywher",1
"apart<U+383C><U+3E35>",1
"apolog",1
"apologet",1
"appetit",1
"approaches꿬rrespect",1
"approv",1
"approx",1
"approxim",1
"april",1
"apropo",1
"arbit",1
"arbitrari",1
"arbitrary<U+383C><U+3E35>",1
"arcan",1
"architectsdesign",1
"architecture<U+393C><U+3E34>",1
"archiv",1
"are<U+383C><U+3E35>",1
"areas<U+393C><U+3E34>",1
"aren뭪 domain",1
"aren뭪 expert",1
"aren뭪 immedi",1
"aren뭪 implement",1
"aren뭪 in",1
"aren뭪 it",1
"aren뭪 necessarili",1
"aren뭪 pmos",1
"aren뭪 root",1
"aren뭪 salient",1
"aren뭪
ka",1
"aren뭪
np",1
"arescapego",1
"aretradit",1
"arguabli",1
"arguments꿵r",1
"aristotl",1
"arrest",1
"articlesinterview",1
"artifici",1
"ascustom",1
"asharepoint",1
"asia",1
"asid",1
"ask<U+393C><U+3E34>",1
"asking",1
"assail",1
"assess",1
"assort",1
"asymmetri",1
"asystem",1
"at<U+393C><U+3E34>",1
"athlet",1
"atm",1
"atmospher",1
"attain",1
"attention꿢nd",1
"attract",1
"attrit",1
"attun",1
"augment",1
"australian",1
"authors<U+393C><U+3E32>",1
"author뭩 word",1
"automat",1
"automata",1
"autonomouscentr",1
"autonomy꿢nd",1
"availabl",1
"award",1
"b<U+393C><U+3E34>",1
"backdrop",1
"backstori",1
"baggag",1
"balanc",1
"baltimore<U+393C><U+3E34>",1
"bandi",1
"bank",1
"barack",1
"barber뭩 work",1
"baron",1
"barri",1
"barrier",1
"batesonian",1
"bateson뭩 definit",1
"baton",1
"be<U+393C><U+3E34>",1
"bed",1
"beforehand",1
"begeman",1
"beggar",1
"beginn",1
"behav",1
"behoov",1
"beings꿢nd",1
"beli",1
"believed꿵r",1
"belli",1
"bell꿢n",1
"belong",1
"below",1
"bemus",1
"beneath",1
"benefit꿦ls",1
"beprogram",1
"berkeley",1
"bern",1
"besid",1
"bestow",1
"betray",1
"better<U+393C><U+3E34>",1
"bewar",1
"bicker",1
"bicycl",1
"bid",1
"bidder",1
"bike",1
"billable<U+383C><U+3E35>unlik",1
"billion",1
"biodivers",1
"biographi",1
"bird",1
"bizarr",1
"black",1
"blackwel",1
"blame<U+393C><U+3E34>",1
"blanket<U+393C><U+3E34>",1
"blend",1
"blith",1
"bloc",1
"block",1
"blow",1
"blue",1
"blur",1
"blurt",1
"boardroom",1
"booksgurus",1
"bookshelf",1
"bore",1
"boss",1
"boss<U+393C><U+3E32>",1
"both<U+393C><U+3E34>",1
"bother",1
"bower",1
"bradi",1
"brainless",1
"brand",1
"breadcrumb",1
"breath",1
"breed",1
"brian",1
"broken",1
"broken<U+393C><U+3E34>",1
"brows",1
"brutus<U+393C><U+3E34>",1
"buck",1
"buckingham",1
"budget꿣ut",1
"buffett",1
"bulb",1
"bullet",1
"burden",1
"bureaucratis",1
"burnout",1
"butemerg",1
"butt",1
"button",1
"byproduct",1
"caesar뭩 famous",1
"cafe",1
"calcul",1
"calculus",1
"cameo",1
"can",1
"can뭪 chang",1
"can뭪 compress",1
"can뭪 give",1
"can뭪 live",1
"can뭪 process",1
"can뭪 reduc",1
"can뭪 talk",1
"can뭪
the",1
"career",1
"carnabi",1
"catalogu",1
"catalys",1
"categor",1
"categoris",1
"causat",1
"cause<U+393C><U+3E34>",1
"cause뻛ffect",1
"cautionari",1
"cavallo뭩 word",1
"caveat",1
"centric",1
"change<94>",1
"changer",1
"change꿢nd",1
"channel",1
"chao",1
"charg",1
"charm",1
"checkbox",1
"cheer",1
"cheerleaders<U+393C><U+3E34>",1
"chen",1
"chernobyl",1
"cherri",1
"chest",1
"child",1
"children",1
"choke",1
"choo",1
"chose",1
"chow",1
"chuckl",1
"cio",1
"circuiting<U+393C><U+3E34>",1
"citat",1
"civil",1
"claimant",1
"clark",1
"clash",1
"classmat",1
"classroom",1
"clearer",1
"client뭩 guid",1
"client뭩 side",1
"cling",1
"clip",1
"clock",1
"clown",1
"clump",1
"clunki",1
"clutch",1
"coaching<U+393C><U+3E36>",1
"coalfield",1
"cock",1
"cockatoo",1
"coda",1
"cognis",1
"cogniz",1
"coke",1
"collaborativedesign",1
"collector",1
"colloqui",1
"cologn",1
"column",1
"combat",1
"come",1
"commensur",1
"commitment<U+393C><U+3E34>",1
"comparison",1
"comparison<U+393C><U+3E34>",1
"competitor",1
"complain",1
"complaint",1
"composit",1
"compound",1
"compris",1
"conan",1
"conced",1
"conclude<U+393C><U+3E34>",1
"condescend",1
"conduct",1
"conductor",1
"conklin뭩 question",1
"conquer",1
"consequences꿢nd",1
"consider<U+393C><U+3E34>",1
"consultants<U+393C><U+3E32>",1
"consultant뭩 dilemma",1
"contempl",1
"contested꿵r",1
"context<U+393C><U+3E34>",1
"context<U+393C><U+3E36>",1
"controversi",1
"convenient<U+383C><U+3E35>",1
"conversations<U+393C><U+3E34>",1
"convert",1
"convey",1
"cooler",1
"copernicus",1
"corral",1
"correctly<U+393C><U+3E34>",1
"couldn뭪 ",1
"couldn뭪 complain",1
"couldn뭪 wait",1
"council",1
"counterpart",1
"counterplay",1
"countri",1
"courag",1
"course<U+393C><U+3E34>",1
"crash",1
"crass",1
"creation",1
"creativ",1
"credibl",1
"crinkl",1
"criteriath",1
"crm",1
"crossroad",1
"crucial",1
"crusad",1
"crusaders<U+393C><U+3E34>",1
"cryptic",1
"cue",1
"culmsee뭩 entertain",1
"culpabliss",1
"cumbersom",1
"cumul",1
"curriculum",1
"curs",1
"cursori",1
"curt",1
"cutter<U+393C><U+3E34>",1
"cxos",1
"daili",1
"danah",1
"dare",1
"datainform",1
"daunt",1
"deadlock",1
"decept",1
"decision<U+383C><U+3E35>",1
"deck",1
"declar",1
"decompos",1
"decre",1
"deduct",1
"deeper<U+393C><U+3E34>",1
"defineeffici",1
"degrad",1
"deliberation<U+383C><U+3E35>",1
"deliveri",1
"delphi",1
"demarco",1
"demo",1
"deni",1
"denver",1
"department",1
"departur",1
"depress",1
"depth",1
"deriv",1
"deserv",1
"designerengin",1
"designer뭩 influenc",1
"desper",1
"dessert",1
"dessert<U+393C><U+3E34>",1
"detour",1
"detractor",1
"detriment",1
"devoid",1
"devolv",1
"devot",1
"diametr",1
"didn뭪 detail",1
"didn뭪 normal",1
"didn뭪 of",1
"didn뭪 realiz",1
"didn뭪 rememb",1
"didn뭪 schoen",1
"didn뭪 we",1
"didn뭪 work<U+393C><U+3E34>",1
"differenti",1
"diktat",1
"dilbert",1
"dilig",1
"direction<U+393C><U+3E36>",1
"director",1
"disadvantag",1
"disastr",1
"discomfort",1
"disconcert",1
"disconnect",1
"discont",1
"discontinu",1
"discov",1
"discretionari",1
"diseas",1
"disharmoni",1
"disk",1
"dislik",1
"dismiss",1
"disorgan",1
"dispens",1
"disrupt",1
"distort",1
"distract",1
"disturb",1
"doctor<94>",1
"documentalist",1
"documentation<U+393C><U+3E34>",1
"documented<U+383C><U+3E35>and",1
"doesn뭪 go",1
"doesn뭪 it",1
"doesn뭪 know",1
"doesn뭪 mean",1
"doesn뭪 preach",1
"doesn뭪 realli",1
"doesn뭪 seem",1
"doesn뭪 sound",1
"doesn뭪 work",1
"doesn뭪
the",1
"dogma",1
"donald",1
"don뭪 alway",1
"don뭪 believ",1
"don뭪 chang",1
"don뭪 feel",1
"don뭪 just",1
"don뭪 let",1
"don뭪 meet",1
"don뭪 mind",1
"don뭪 miss",1
"don뭪 necessarili",1
"don뭪 realli",1
"don뭪 sit",1
"don뭪 stay",1
"don뭪 toler",1
"don뭪 you<U+393C><U+3E34>",1
"don뭪
another",1
"don뭪<U+393C><U+3E34> repli",1
"don뭪꿢nd",1
"doom",1
"door",1
"dormant",1
"dose",1
"double뭩 choic",1
"download",1
"downplay",1
"doyl",1
"draft",1
"drag",1
"drain",1
"dreschsler",1
"dress",1
"dri",1
"drone",1
"drown",1
"dual",1
"duffield",1
"duke",1
"duli",1
"d뭙tre",1
"eager",1
"eas",1
"east",1
"eastern",1
"echelon",1
"echo",1
"ecolog",1
"edg",1
"edison",1
"editors<U+393C><U+3E32>",1
"eds",1
"educat",1
"eight",1
"einsteinian",1
"electr",1
"eliminated<U+383C><U+3E35>",1
"else뭩 advic",1
"else뭩 communiti",1
"elus",1
"email",1
"emphasi",1
"empow",1
"empti",1
"enact",1
"encapsul",1
"encroach",1
"end<U+393C><U+3E34>",1
"endeavour",1
"endem",1
"endless",1
"engend",1
"engineer뭩 thumb",1
"english",1
"enough",1
"ensembl",1
"ensu",1
"ensure",1
"enterprise<U+383C><U+3E35>then",1
"enterprise뭩 organ",1
"enterprise뭩 structur",1
"enthusiasm",1
"enthusiast",1
"entireti",1
"entitledclu",1
"entitledconfess",1
"enunci",1
"envelope<U+393C><U+3E34>",1
"environment<U+393C><U+3E34>",1
"environment뭩 capac",1
"ephemer",1
"epic",1
"episod",1
"epitom",1
"eras",1
"eric",1
"erstwhil",1
"essential",1
"etc꿶ut",1
"etern",1
"ethnograph",1
"europ",1
"evaluat",1
"evangel",1
"evangelis",1
"evangelist",1
"evene",1
"eventual",1
"ever",1
"evermor",1
"everybodi",1
"everywher",1
"everywhere꿢 toy",1
"evidence꿧act",1
"evil",1
"exam",1
"exasper",1
"exceed",1
"excellenc",1
"exclaim",1
"excruci",1
"exert",1
"expand",1
"expans",1
"explain<U+393C><U+3E34>",1
"explet",1
"exploratori",1
"explos",1
"extra",1
"eyebrow",1
"facad",1
"factori",1
"faith",1
"faker",1
"falsiti",1
"fame",1
"fantast",1
"farewel",1
"farm",1
"fascin",1
"fault",1
"faulti",1
"favourit",1
"fee",1
"feed",1
"feel<U+393C><U+3E34>",1
"feeli",1
"feet",1
"fest",1
"fetch",1
"fete",1
"fetishes<U+393C><U+3E34>",1
"fetishist",1
"ffwd",1
"fiat",1
"fief",1
"field<U+393C><U+3E34>",1
"fifth",1
"fifti",1
"figment",1
"financ",1
"fincham",1
"fire",1
"firm",1
"fit<U+393C><U+3E34>",1
"fixat",1
"flash",1
"flip",1
"flipchart",1
"float",1
"florida",1
"flourish",1
"flow",1
"flowchart",1
"flu",1
"fluenci",1
"foerster뭩 ethic",1
"fog",1
"fold",1
"folder",1
"folli",1
"followership",1
"follow꿻h",1
"fond",1
"foray",1
"forb",1
"ford",1
"fore",1
"foresaw",1
"foreseen<U+393C><U+3E34>",1
"forgo",1
"fork",1
"formula",1
"fortun",1
"founder",1
"fourth",1
"fragment",1
"framework<U+393C><U+3E34>",1
"framework<U+393C><U+3E39>",1
"freebi",1
"freedom",1
"freeli",1
"freewar",1
"fresh",1
"fret",1
"friday",1
"friend<U+393C><U+3E34>",1
"friendship",1
"fromhttppatientsafetyedduhsdukeedumoduleeswisscheesehtml",1
"fulfil",1
"fun",1
"fund",1
"future<U+393C><U+3E34>",1
"fuzzi",1
"fying<U+393C><U+3E34>",1
"gamestorm",1
"garb",1
"gartner",1
"gaze",1
"generatedor",1
"geoffrey",1
"georg",1
"gerald",1
"gestur",1
"ghostwrit",1
"gilder",1
"glare",1
"global",1
"glyma꿢nd",1
"go<U+393C><U+3E34>",1
"goos",1
"gotten",1
"government",1
"grab",1
"grad",1
"graduat",1
"graeco",1
"grail<U+393C><U+3E32>",1
"grand",1
"grant",1
"grantsmanship",1
"grasp",1
"grave",1
"gravit",1
"gravityi",1
"grease<U+393C><U+3E34>",1
"greek",1
"grew",1
"grid",1
"gross",1
"grounds<U+393C><U+3E34>",1
"group<U+393C><U+3E34>",1
"group뭩 ",1
"growth",1
"guest",1
"guidanc",1
"guis",1
"gum",1
"gung",1
"gurus",1
"guy꿫 intp",1
"habit",1
"habitat",1
"hackman뭩 advic",1
"hackman뭩 approach",1
"hackman뭩 paper",1
"hackman뭩 thought",1
"hackman뭩 work",1
"hadbeen",1
"hadn뭪 establish",1
"hadoop",1
"hammer",1
"handmann",1
"happiness<U+393C><U+3E34>",1
"harm",1
"harry뭩 bar",1
"hat",1
"hatch",1
"hatchet",1
"have<U+393C><U+3E34>",1
"haven뭪 ",1
"hawk",1
"head<U+393C><U+3E34>",1
"headach",1
"heap",1
"heart",1
"heartburn",1
"heat",1
"heideggerian",1
"heidegger뭩 perspect",1
"heret",1
"heretic뭩 book",1
"here뭩 ",1
"here뭩 choo",1
"here뭩 execut",1
"here뭩 small",1
"here뭩 vision",1
"heroic",1
"heterogen",1
"he뭗 ",1
"hibino",1
"highest",1
"hijack",1
"hindranc",1
"hing",1
"hmm",1
"hmm<U+383C><U+3E35>i",1
"holist",1
"holmes<U+393C><U+3E34>",1
"homecom",1
"homer",1
"homework",1
"homogen",1
"hone",1
"hood",1
"hook",1
"hospit",1
"hot",1
"hotshot",1
"however<U+383C><U+3E35>",1
"httpkpilibrarycom",1
"httprdspringercomarticlebf",1
"huge",1
"hughes<U+393C><U+3E32>",1
"huh",1
"humil",1
"hundred<U+393C><U+3E34>",1
"hungri",1
"hunt",1
"hurri",1
"hype",1
"hypermedia",1
"hypothes",1
"hypothesi",1
"icon",1
"idea<U+393C><U+3E34>",1
"idealis",1
"idealli",1
"ideas<U+393C><U+3E36>",1
"ideasor",1
"ideolog",1
"idiosyncrat",1
"iecollect",1
"iliad",1
"illus",1
"illustri",1
"impart",1
"impati",1
"impecc",1
"imperiously꿣ut",1
"imposit",1
"impract",1
"impressive꿞 treat",1
"improb",1
"improvise<U+393C><U+3E36>",1
"impuls",1
"in<U+393C><U+3E34>",1
"inabl",1
"inaccess",1
"inappropri",1
"incentiv",1
"incept",1
"inception",1
"incess",1
"incident",1
"incis",1
"inclus",1
"incom",1
"incontrovert",1
"inconveni",1
"incremental꿵r",1
"incur",1
"indeed꿢nd",1
"indigen",1
"indispens",1
"indulg",1
"ineffect",1
"ineffectu",1
"inextric",1
"infin",1
"influenti",1
"infrastructuressystem",1
"infrastuctur",1
"innumer",1
"inquir",1
"inquiri",1
"insecur",1
"insensit",1
"insist",1
"insofar",1
"instant",1
"institution",1
"instruct",1
"insuffer",1
"insult",1
"integrat",1
"interchang",1
"interconnect",1
"interdepend",1
"interject",1
"intersubject",1
"interv",1
"interventionist",1
"interweav",1
"interwoven",1
"intim",1
"intra",1
"intricaci",1
"intrins",1
"intuit",1
"invalu",1
"inventori",1
"invers",1
"invok",1
"in봾but",1
"ios",1
"ipma",1
"irrat",1
"irrevoc",1
"is<U+393C><U+3E34>",1
"isn뭪 clear",1
"isn뭪 contrari",1
"isn뭪 hard",1
"isn뭪 interdepend",1
"isn뭪 just",1
"isn뭪 know",1
"isn뭪 stretch",1
"isn뭪
ka",1
"isn뭪
most",1
"isol",1
"issuesor",1
"item",1
"its",1
"itself<U+393C><U+3E34>",1
"it꿾hich",1
"it뀛
",1
"it뭩 actual",1
"it뭩 almost",1
"it뭩 chang",1
"it뭩 convers",1
"it뭩 done",1
"it뭩 fair",1
"it뭩 go",1
"it뭩 interest",1
"it뭩 i뭭e",1
"it뭩 kailash뭩 fault",1
"it뭩 pleasur",1
"it뭩 real",1
"it뭩 realli",1
"it뭩 simpl",1
"it뭩 stori",1
"it뭩 subtl",1
"it뭩 time",1
"it뭩 western",1
"it뭩 what",1
"it뭩
pc",1
"i뭗 agre",1
"i뭗 appreci",1
"i뭢 alway",1
"i뭢 attract",1
"i뭢 confid",1
"i뭢 conscienc",1
"i뭢 curious",1
"i뭢 dr",1
"i뭢 feel",1
"i뭢 general",1
"i뭢 glad",1
"i뭢 hear",1
"i뭢 it",1
"i뭢 manag",1
"i뭢 map",1
"i뭢 organ",1
"i뭢 present",1
"i뭢 remind",1
"i뭢 special",1
"i뭢 stakehold",1
"i뭢 still",1
"i뭢 suppos",1
"i뭢 thought",1
"i뭢 ultim",1
"i뭢 wit",1
"i뭢 worri",1
"jack",1
"jackall뭩 brilliant",1
"jason",1
"jealous",1
"jeff뭩 question",1
"jensen",1
"jill",1
"jnr",1
"jobsrol",1
"johansson뭩 paper",1
"johnson뭩 notion",1
"jon",1
"judge<U+393C><U+3E34>",1
"judgement<U+393C><U+3E34>",1
"juli",1
"jumbl",1
"jump",1
"jungl",1
"jurgen",1
"justifi",1
"justit",1
"kailash뭩 charact",1
"kall",1
"kate",1
"keepan",1
"ken",1
"keynot",1
"keystrok",1
"kick",1
"kill",1
"kitchen",1
"kmsec",1
"kneejerk",1
"knock",1
"knowi",1
"knuckl",1
"laboratori",1
"lack",1
"landmark",1
"last",1
"latch",1
"lauren",1
"lawyer",1
"lay",1
"layer<U+393C><U+3E34>",1
"layoff",1
"lazi",1
"leadership뾲h",1
"leader뭩 action",1
"leap<U+393C><U+3E34>",1
"leave<U+393C><U+3E34>",1
"lemon",1
"leonard",1
"lesser",1
"lest",1
"letter",1
"let뭩 briefli",1
"let뭩 go",1
"let뭩 outsourc",1
"let뭩 talk",1
"liber",1
"librari",1
"librarian",1
"licens",1
"lifeblood",1
"lifestyl",1
"like",1
"like꿢nd",1
"like꿵r",1
"limelight",1
"lister",1
"literatur",1
"liven",1
"liz<U+393C><U+3E34>",1
"load",1
"loath",1
"located<U+393C><U+3E34>",1
"logist",1
"longstand",1
"look",1
"lookout",1
"loos",1
"lordstandish",1
"lotteri",1
"louder",1
"loudest",1
"lou뭩 experi",1
"lou뭩 final",1
"lou뭩 knowledg",1
"lou뭩 present",1
"lou뭩 primari",1
"loyalti",1
"lucrat",1
"lump",1
"lynn",1
"magic",1
"magnitud",1
"mainten",1
"mal",1
"malfunct",1
"management뭩 penchant",1
"manager뭩 abil",1
"manager뭩 control",1
"manager뭩 sphere",1
"mandat",1
"manouev",1
"manufactur",1
"mapper",1
"mapping<U+393C><U+3E34>",1
"maps<U+393C><U+3E36>",1
"mar",1
"mareil",1
"marketplac",1
"market꿢nd",1
"markus",1
"marrow",1
"martha",1
"martin",1
"mass",1
"masterclass",1
"masteri",1
"mat",1
"materialview",1
"mathemat",1
"matrix",1
"matrixorgan",1
"maxim",1
"maxwell뭩 electromagnet",1
"maxwell뭩 theori",1
"mckinsey",1
"md<U+383C><U+3E35>",1
"mean<U+393C><U+3E34>",1
"mediat",1
"medicin",1
"members<U+393C><U+3E32>",1
"membership",1
"merck",1
"merri",1
"mess",1
"messiah",1
"metalogu",1
"metaphys",1
"metric",1
"me꿲ost",1
"midwif",1
"millennia",1
"million",1
"mindset",1
"mingl",1
"minimis",1
"minimum",1
"minor",1
"minus",1
"mirag",1
"mire",1
"mirror",1
"misdiagnos",1
"mishap",1
"misinterpret",1
"misl",1
"mistake<U+393C><U+3E34>",1
"mistakes꿚h",1
"models<U+393C><U+3E34>",1
"modesti",1
"modul",1
"momentari",1
"monolith",1
"monstrous",1
"moodl",1
"moon",1
"mortal",1
"mosquito",1
"motivation<U+393C><U+3E34>",1
"motoniti",1
"mouth",1
"movi",1
"muddi",1
"mug",1
"mull",1
"myriad",1
"na<U+653C><U+3E66>v",1
"nadler",1
"napkin",1
"narrow",1
"nasti",1
"nearer",1
"neat",1
"neck",1
"need<U+383C><U+3E35>",1
"needless",1
"needn뭪 worri",1
"neglect",1
"neighbour",1
"nest",1
"neuroscientist",1
"newer",1
"newton뭩 time",1
"new꿻h",1
"nextprincipl",1
"nichola",1
"no<U+393C><U+3E34>",1
"nod",1
"nois",1
"nonsense<U+393C><U+3E34>",1
"nosql",1
"notabl",1
"notch",1
"noticeboard",1
"noun",1
"novelti",1
"nowaday",1
"nuanc",1
"nub",1
"nuclear",1
"nudg",1
"nullifi",1
"nutshel",1
"obama",1
"objectiv",1
"objectivesubject",1
"objectivity꿢nd",1
"oblique<U+383C><U+3E35>",1
"obliquiti",1
"obstacl",1
"occasion",1
"occupi",1
"occurs꿢nd",1
"odyssey",1
"of<U+383C><U+3E35>",1
"of<U+393C><U+3E34>",1
"ofdelib",1
"ofdialogu",1
"ofent",1
"ofenterpris",1
"off",1
"offenc",1
"offensive<U+393C><U+3E34>",1
"offhand",1
"office",1
"office<U+393C><U+3E34>",1
"offshor",1
"ofrelev",1
"ofth",1
"ofwicked",1
"older",1
"on<U+393C><U+3E34>",1
"oner",1
"oneself",1
"one뭩 ",1
"one뭩 action",1
"one뭩 choic",1
"one뭩 daili",1
"one뭩 experi",1
"one뭩 eye",1
"one뭩 style",1
"one뭩 understand",1
"one뭩 뱖orse<U+393C><U+3E34>",1
"onus",1
"on꿢nd",1
"operat",1
"opinions<U+393C><U+3E34>",1
"oppon",1
"opportunities<U+393C><U+3E34>",1
"option<U+393C><U+3E34>",1
"orchestra",1
"orenterpris",1
"org",1
"organation<U+393C><U+3E34>",1
"organations<U+393C><U+3E32>",1
"organations꿵r",1
"organation뭩 constraint",1
"organation뭩 focus",1
"organation뭩 growth",1
"organation뭩 ideolog",1
"organation뭩 it",1
"organation뭩 project",1
"organation뭩 raw",1
"other뭩 various",1
"other뭩<U+393C><U+3E32> ",1
"our",1
"ourselves<U+393C><U+3E34>",1
"outcomes<U+393C><U+3E34>",1
"outfit",1
"output",1
"outrank",1
"overblown",1
"overestim",1
"overhyp",1
"overnight",1
"overse",1
"overshadow",1
"overst",1
"overus",1
"overwhelm",1
"ownership",1
"pace",1
"pachyderm",1
"packag",1
"pad",1
"painstak",1
"pair",1
"papersuggest",1
"par",1
"parabl",1
"parallel",1
"pardon",1
"parent",1
"parlanc",1
"party뭩 ",1
"pass",1
"pass<U+653C><U+3E39>",1
"passag",1
"pastur",1
"patent",1
"path<U+393C><U+3E34>",1
"paul뭩 ",1
"paul뭩 blog",1
"paul뭩 word",1
"pave",1
"peculiar",1
"peddl",1
"pen",1
"penal",1
"penalti",1
"penuri",1
"people꿢nd",1
"people뭩 understand",1
"pepsi",1
"perhaps꿥id",1
"peripher",1
"permeat",1
"permit",1
"perpetu",1
"person뭩 train",1
"person뭩 unsaf",1
"person뭩 밷etter<U+393C><U+3E34>",1
"pertin",1
"pet",1
"petard<U+393C><U+3E34>",1
"pfft꿭ust",1
"pharmaceut",1
"phase<U+393C><U+3E34>",1
"phenomena",1
"philanthropi",1
"photoshop",1
"phrase<U+393C><U+3E34>",1
"physician",1
"physics꿣ut",1
"pile",1
"pile<U+393C><U+3E34>",1
"pilfer",1
"pin",1
"pink",1
"pit",1
"pitch<U+393C><U+3E34>",1
"pitfal",1
"plagu",1
"planner",1
"plant",1
"platitudin",1
"plato",1
"player",1
"pleasantri",1
"pleasur",1
"plenti",1
"plethora",1
"plot",1
"pmo<U+393C><U+3E34>",1
"pmo뀛
밳es",1
"pmo뭩 control<U+393C><U+3E34>",1
"pmo뭩 part<U+393C><U+3E34>",1
"pointless",1
"polish",1
"politick",1
"polymath",1
"poor꿵r",1
"pop",1
"portent",1
"portfolio",1
"portion",1
"position<U+393C><U+3E34>",1
"possibility<U+393C><U+3E34>",1
"postfor",1
"postmodernist",1
"postmortem",1
"postor",1
"pour",1
"power꿢nd",1
"practis",1
"prank",1
"preclud",1
"predat",1
"predecessor",1
"predetermin",1
"predica",1
"predictability<U+393C><U+3E34>",1
"preexist",1
"preoccupi",1
"preserv",1
"preset",1
"presumptu",1
"pretend",1
"pretens",1
"prevail",1
"preval",1
"pride",1
"prime",1
"prince",1
"princip",1
"prioriti",1
"prioritis",1
"privileg",1
"problems꿢nd",1
"problems꿦xpertis",1
"processes<U+393C><U+3E34>",1
"processes꿢 simpl",1
"processsuch",1
"procrustean",1
"procur",1
"prof<U+393C><U+3E34>",1
"professor",1
"profici",1
"profound",1
"prof뭩 desk",1
"prof뭩 door",1
"prof뭩 main",1
"progeni",1
"progress",1
"prohibit",1
"projects<U+393C><U+3E34>",1
"prompt",1
"proof<U+393C><U+3E32>",1
"proofread",1
"propag",1
"propens",1
"propon",1
"prose",1
"prosper",1
"proven<U+393C><U+3E34>",1
"proverbi",1
"provoc",1
"provok",1
"psychiatri",1
"psychologist꿾hat",1
"psychologist뭩 perspect",1
"psychometr",1
"ptolemi",1
"pub",1
"publicis",1
"public뭩 fanci",1
"pull",1
"pun",1
"punish",1
"pure",1
"puriti",1
"qoc",1
"quaint",1
"qualit",1
"quantifi",1
"questions<U+393C><U+3E36>",1
"quieter",1
"quintessenti",1
"quirk",1
"quitdon뭪 ",1
"quo",1
"radio",1
"raison",1
"random",1
"rank",1
"rap",1
"rap<U+393C><U+3E34>",1
"rarer",1
"rationail",1
"rationality꿢nd",1
"reactiv",1
"readabl",1
"readinglisten",1
"realis",1
"realised<U+383C><U+3E35>",1
"reality<U+383C><U+3E35>",1
"reality<U+393C><U+3E34>",1
"ream",1
"reason뭩 paper",1
"rebutt",1
"recant",1
"recaptur",1
"receivership",1
"recip",1
"recount",1
"red",1
"redefin",1
"redeploy",1
"redress",1
"redux꿵n",1
"referenc",1
"referential<U+383C><U+3E35>",1
"refin",1
"reflections꿢nd",1
"reform<U+393C><U+3E34>",1
"refut",1
"region",1
"regist",1
"regul",1
"rehears",1
"reimburs",1
"rein",1
"reinvent",1
"reject",1
"religion",1
"remaind",1
"remedi",1
"remember<U+393C><U+3E34>",1
"reminisc",1
"remot",1
"render",1
"replet",1
"report<U+393C><U+3E34>",1
"repositori",1
"repris",1
"requirementsand",1
"requirements꿵r",1
"reserv",1
"resid",1
"resign",1
"reson",1
"responsibility뀛
밒뭢",1
"responsible<U+393C><U+3E34>",1
"restat",1
"restrict",1
"resume<U+393C><U+3E34>",1
"resurrect",1
"retirement<U+393C><U+3E34>",1
"retreat",1
"retriev",1
"revert",1
"rew",1
"rich<U+393C><U+3E34>",1
"righteous",1
"rightness<U+393C><U+3E34>",1
"rightsiz",1
"rigid<U+383C><U+3E35>",1
"risks꿵r",1
"rittel뭩 classic",1
"rittel뭩 origin",1
"rittel뭩 preoccup",1
"rittel뭩 word",1
"ritualsthat",1
"roadblock",1
"roadmap",1
"robert",1
"robey",1
"robin",1
"roll",1
"roman",1
"rose",1
"rough",1
"rude",1
"rudimentari",1
"ruefulli",1
"rumbl",1
"rush",1
"russel",1
"ruth",1
"sacrific",1
"safer",1
"salesperson",1
"same<U+393C><U+3E34>",1
"sap",1
"sardon",1
"satisfactori",1
"satisfi",1
"savage뭩 book",1
"savage뭩 word",1
"say",1
"say<U+383C><U+3E35>",1
"scandinavia",1
"scapegoat<U+393C><U+3E34>",1
"scare",1
"scari",1
"scene",1
"schedul",1
"script",1
"se<U+393C><U+3E34>",1
"security<U+393C><U+3E34>",1
"seed",1
"selfless",1
"sense꿣ut",1
"sensing<U+393C><U+3E36>",1
"sent",1
"sentenc",1
"serendip",1
"serendipit",1
"set",1
"settled꿌f",1
"shape",1
"shape<U+393C><U+3E34>",1
"shed",1
"shelf",1
"shire",1
"shirt",1
"shock",1
"shoe",1
"shop",1
"shortest",1
"shortlist",1
"should",1
"should뭭 ",1
"showcas",1
"shozo",1
"shrift",1
"shun",1
"sidelin",1
"sideshow",1
"sight",1
"signifi",1
"silenc",1
"silent",1
"silver",1
"silverlight",1
"simon",1
"simple<U+383C><U+3E35>",1
"simpler",1
"simplest",1
"simplic",1
"simul",1
"singapor",1
"sink",1
"situation<U+393C><U+3E34>",1
"situations<U+393C><U+3E36>",1
"situations꿾hich",1
"skillknowledg",1
"slay",1
"sleep",1
"sleepless",1
"sleight",1
"slideshar",1
"slight",1
"slim",1
"slip",1
"slowli",1
"smallest",1
"smartars",1
"smes<94>",1
"smooth",1
"snap",1
"sneaki",1
"snippet",1
"snowden뭩 cynefin",1
"snow뭩 two",1
"so<U+383C><U+3E35>",1
"societi",1
"socrat",1
"solar",1
"solid",1
"solve<U+393C><U+3E34>",1
"solving꿵r",1
"something<U+383C><U+3E35>and",1
"something<U+393C><U+3E34>",1
"somewher",1
"somewhere<U+393C><U+3E34>",1
"soon",1
"soon<U+393C><U+3E34>",1
"sop",1
"sorri",1
"sothes",1
"sound<U+393C><U+3E34>",1
"sour",1
"soviet",1
"sow",1
"span",1
"spark",1
"spat",1
"spatial",1
"spearmint",1
"specious",1
"spectrum꿢nd",1
"sphere",1
"spoil",1
"spoilt",1
"spontan",1
"spoon",1
"sport",1
"spous",1
"spread",1
"spreadsheet",1
"sputter",1
"squeak",1
"stabil",1
"stabl",1
"stack",1
"stafford",1
"stagger",1
"stalk",1
"stall",1
"star",1
"stick",1
"sticky꿻hat",1
"stone",1
"stood",1
"stop<U+393C><U+3E34>",1
"story<U+383C><U+3E35>",1
"strand",1
"strang",1
"strange<U+393C><U+3E34>",1
"strategicadvantag",1
"straw",1
"stretch",1
"stricter",1
"strongest",1
"stuck",1
"student뭩 select",1
"stuff<U+393C><U+3E34>",1
"stupid<U+393C><U+3E34>",1
"style<U+393C><U+3E34>",1
"subdivid",1
"subordin",1
"subscrib",1
"subsidiaries꿢nd",1
"substitut",1
"subtleti",1
"subtop",1
"subvert",1
"success<U+393C><U+3E34>",1
"successor",1
"succinct",1
"suck",1
"suffic",1
"summary꿢nd",1
"summer",1
"superb",1
"supervisor",1
"supervisor뭩 ",1
"supplement",1
"supplementari",1
"support<U+393C><U+3E34>",1
"support꿚her",1
"surfeit",1
"surgeri",1
"surprises<U+393C><U+3E34>",1
"surround",1
"surviv",1
"suspens",1
"suspici",1
"swallow",1
"swamp<U+393C><U+3E34>",1
"swat",1
"swig",1
"symbolis",1
"symmetri",1
"symptomat",1
"synergi",1
"tack",1
"tail",1
"taint",1
"take",1
"takes꿢nd",1
"tale",1
"tale<U+383C><U+3E35>",1
"taleb",1
"taleb뭩 book",1
"tangibl",1
"task꿢nd",1
"tax",1
"taylor",1
"teacher뭩 assign",1
"team<U+393C><U+3E36>",1
"teams<U+393C><U+3E32>",1
"teamwork",1
"teamwork<U+393C><U+3E36>",1
"team뭩 ",1
"team뭩 abil",1
"tear",1
"teas",1
"techniques<U+393C><U+3E34>",1
"technocrat",1
"tell",1
"tempera",1
"templat",1
"tempor",1
"temporari",1
"temporarili",1
"tempt",1
"tendenc",1
"tenet",1
"tension",1
"term<U+393C><U+3E34>",1
"termleftright",1
"tester",1
"testili",1
"thanhow",1
"thatincreas",1
"thatquest",1
"that꿢nd",1
"that꿣ut",1
"that꿾hich",1
"that뭩 absolut",1
"that뭩 actual",1
"that뭩 driven",1
"that뭩 easi",1
"that뭩 exact",1
"that뭩 fascin",1
"that뭩 go",1
"that뭩 gold",1
"that뭩 happen",1
"that뭩 interest",1
"that뭩 interesting꿌뭗",1
"that뭩 interesting꿣ut",1
"that뭩 i뭢 interest",1
"that뭩 myth",1
"that뭩 ok",1
"that뭩 perfect",1
"that뭩 problem",1
"that뭩 right꿢nd",1
"that뭩 sound",1
"that뭩 specialti",1
"that뭩 true",1
"that뭩 we뭨e",1
"thecompendium",1
"theleadership",1
"themicrosoft",1
"themselves<U+393C><U+3E34>",1
"them꿻end",1
"then<U+393C><U+3E34>",1
"thenam",1
"theory<U+393C><U+3E34>",1
"thepostmodern",1
"theprincipl",1
"thereaft",1
"therebi",1
"therein",1
"there뭩 consider",1
"there뭩 minut",1
"there뭩 notion",1
"there뭩 side",1
"there뭩 simpl",1
"there뭩 tibetan",1
"thesi",1
"thetruth",1
"theundercov",1
"they<U+393C><U+3E34>",1
"theyk",1
"they뭗 ",1
"they뭠l",1
"they뭨 ",1
"they뭨 face",1
"they뭨 solv",1
"they뭨 vivid",1
"thicker",1
"thing<U+393C><U+3E34>",1
"thinking<U+393C><U+3E34>",1
"thirti",1
"those",1
"though",1
"thought꿢nd",1
"threat",1
"threaten",1
"throat",1
"through",1
"throughput",1
"thrust",1
"tide",1
"tiebreak",1
"tighten",1
"tim",1
"time<U+383C><U+3E35>",1
"time<U+383C><U+3E35>sinc",1
"time<U+393C><U+3E32>",1
"time<U+393C><U+3E34>",1
"timefram",1
"timeorgan",1
"timothi",1
"tip",1
"tire",1
"tissu",1
"to<U+383C><U+3E35>",1
"to<U+393C><U+3E34>",1
"today<U+393C><U+3E34>",1
"togaf<U+383C><U+3E35>",1
"together<U+393C><U+3E34>",1
"tone",1
"too<U+393C><U+3E34>",1
"tool꿬 ",1
"touchi",1
"town",1
"track",1
"traction",1
"trademark",1
"traffic",1
"trail",1
"train<U+393C><U+3E34>",1
"trainer",1
"transact",1
"translat",1
"transplant",1
"transport",1
"trash",1
"treatment",1
"treatment뀛 this",1
"tremend",1
"triall",1
"tricki",1
"trickier",1
"trist뭩 studi",1
"trist뭩 word",1
"troublesom",1
"truism",1
"trump",1
"trumpet",1
"trustworthi",1
"tuck",1
"turf",1
"tweak",1
"twing",1
"twist",1
"types<U+393C><U+3E34>",1
"ub골프세대에
기존",1
"ub골프세대에
장착",1
"ub머플러팁",1
"ub시안성도",1
"ub환한",1
"ufeffufeffufeffufeff벌써",1
"ufeffufeff번호판
led",1
"ufeffufeff순정형
머플러
녹이스는",1
"ufeff톨장군네",1
"ultim",1
"unabl",1
"unaccept",1
"unanticip",1
"unattain",1
"unbias",1
"uncanni",1
"uncannili",1
"uncertainty꿦ven",1
"uncomfort",1
"uncommit",1
"uncontroversi",1
"uncrit",1
"underestim",1
"underscor",1
"understand<U+393C><U+3E34>",1
"undertak",1
"undertook",1
"underway",1
"undocu",1
"undoubt",1
"uneasi",1
"uneth",1
"unethic",1
"unethical<U+393C><U+3E34>",1
"unfair",1
"unfamiliar",1
"unheed",1
"union",1
"unionist",1
"uniti",1
"unnatur",1
"unordinari",1
"unprocess",1
"unproven",1
"unquest",1
"unravel",1
"unscath",1
"unseem",1
"unstat",1
"unstructur",1
"unverifi",1
"unwieldi",1
"unwritten",1
"updat",1
"upend",1
"uptak",1
"uptim",1
"urgent",1
"usabl",1
"useless꿳o",1
"using",1
"utter",1
"vacuum",1
"vagu",1
"vain",1
"valuabl",1
"value<U+393C><U+3E34>",1
"variant",1
"vast",1
"vehement",1
"veneer",1
"venture<U+393C><U+3E34>",1
"verif",1
"verifi",1
"versatil",1
"vertic",1
"vessel",1
"veteran",1
"veteran<U+393C><U+3E34>",1
"viabl",1
"videos<U+393C><U+3E34>",1
"videoscrib",1
"video꿫ow",1
"views<U+393C><U+3E34>",1
"villain",1
"violent",1
"vioxx",1
"virtuoso",1
"viscer",1
"visibl",1
"visualis",1
"vogu",1
"voip",1
"wage",1
"wageman뭩 claim",1
"wake",1
"wall",1
"waltz",1
"war<U+393C><U+3E34>",1
"wari",1
"warm",1
"warn",1
"warren",1
"wash",1
"wastell뭩 brilliant",1
"water",1
"waterfal",1
"waud",1
"wax",1
"way<U+383C><U+3E35>",1
"weak",1
"weaken",1
"weakest",1
"weakneg",1
"wealth",1
"webopedia",1
"weekend",1
"weird",1
"well<U+383C><U+3E35>",1
"well<U+393C><U+3E32>",1
"well<U+393C><U+3E34>",1
"were",1
"weren뭪 go",1
"weren뭪 work",1
"whatever<U+393C><U+3E34>",1
"whatever<U+393C><U+3E36>",1
"whatever꿢nd",1
"what뭩 best",1
"what뭩 happen",1
"what뭩 import",1
"what뭩 interest",1
"what뭩 stated꿢nd",1
"what뭩 strang",1
"what뭩 work",1
"wheel",1
"whenc",1
"wherein",1
"whitti",1
"who",1
"wholesal",1
"why꿣i",1
"wild",1
"will<U+393C><U+3E34>",1
"willing",1
"win",1
"winner",1
"wired<U+393C><U+3E34>",1
"wise",1
"wiser",1
"witch",1
"wobbl",1
"won뭪 elabor",1
"won뭪 intuit",1
"won뭪 it뭩 process",1
"won뭪 matter",1
"won뭪 wash",1
"won뭪 work<U+393C><U+3E34>",1
"won뭪
np",1
"wore",1
"work<U+393C><U+3E32>",1
"workday",1
"worker뭩 supervisors<U+393C><U+3E32>",1
"work꿂ycl",1
"work꿢nd",1
"worthwhil",1
"would",1
"wouldn뭪 ",1
"wwwdascom☜
클릭",1
"y<U+393C><U+3E34>",1
"yard",1
"yardstick",1
"yeah꿣ut",1
"yellow",1
"yep",1
"yes<U+383C><U+3E35>",1
"yesterday꿬nde",1
"yield",1
"yorkshir",1
"your<U+383C><U+3E35>",1
"yours<U+393C><U+3E34>",1
"youtub",1
"you꿾el",1
"you뭨 about<U+393C><U+3E34>",1
"you뭨 build",1
"you뭨 hard",1
"you뭨 keen",1
"you뭨 posit",1
"you뭨 realli",1
"you뭨 seduc",1
"you뭨 summaris",1
"you뭨 talk",1
"you뭨 tri",1
"you뭨
pc",1
"you뭭 ",1
"you뭭 collect",1
"you뭭 conceptu",1
"you뭭 got",1
"you뭭 interest",1
"you뭭 map",1
"you뭭 read",1
"you뭭 spoken",1
"you뭭 told",1
"you뭭 work",1
"you뭭 written",1
"zeno",1
"zero",1
"zulli",1
"거북이
이미지가",1
"겹쳐보이는건",1
"경고등
없습니다ub",1
"글씨
편지",1
"꾿nd",1
"꿢ctive",1
"꿵bjectiv",1
"꿺pace",1
"꿻ype",1
"네이버
톨장군네",1
"놀라울정도로
수리됫죠",1
"눈으로봐도
차이",1
"도색을했구요",1
"도색이구요
손상",1
"되었네요",1
"뜨거워졌습니다ㅠㅠ
ㅠㅠ",1
"뜯었습니다뜯어
키링",1
"마무리
감사",1
"마무리
겠습니다",1
"마찬가지",1
"머플러
세련되졌습니다
ufeffufeff이렇게
폭스",1
"머플러
입니다ub",1
"멖oli",1
"멳ureaucratic<U+393C><U+3E32>",1
"멷mpti",1
"멼ncontrovert",1
"멽udgement<U+393C><U+3E34>",1
"몁ew",1
"몊 definit",1
"몋hing",1
"몏ork",1
"모습을보이는",1
"무척더워졌어요
다들",1
"문의전화",1
"밃 secur",1
"밃ll",1
"밃nd",1
"밄ah<U+393C><U+3E34>",1
"밄rilliant",1
"밅apit",1
"밅ome",1
"밅omfort",1
"밆amn<U+393C><U+3E34>",1
"밆id",1
"밆oe",1
"밆on뭪 swear",1
"밆rain",1
"밇veri",1
"밇xact",1
"밊lexibl",1
"밎lymafied<U+393C><U+3E34>",1
"밐ey",1
"밐mm<U+383C><U+3E35><U+393C><U+3E34>",1
"밐mmm",1
"밐mmm<U+393C><U+3E34>",1
"밐mmm꿻hat뭩 interest",1
"밒 absorb",1
"밒 am<U+393C><U+3E34>",1
"밒 can뭪 that<U+393C><U+3E34>",1
"밒 conced",1
"밒 don뭪 ",1
"밒 don뭪 understand",1
"밒 fail",1
"밒 hope",1
"밒 idea",1
"밒 i뭢 conscienc",1
"밒 know",1
"밒 lose",1
"밒 sit",1
"밒 told",1
"밒<U+383C><U+3E35> don뭪<U+383C><U+3E35> need<U+383C><U+3E35>",1
"밒nformat",1
"밒t뭩 ",1
"밒t뭩 obvious<U+393C><U+3E34>",1
"밒t뭩 ok",1
"밒t뭩 strang",1
"밒뭠l",1
"밒뭭e",1
"밓udgement<U+393C><U+3E34>",1
"밓ust",1
"반영구적",1
"밚ook<U+393C><U+3E34>",1
"밠anag",1
"밠ani",1
"밠ay",1
"밠isl",1
"밠oreov",1
"밡ow",1
"밢rganiz",1
"밢ver",1
"밣ah<U+393C><U+3E34>",1
"밣mos",1
"밣ossibly<U+393C><U+3E34>",1
"밣rocess",1
"밣rof",1
"밤먹는것도
귀찮네요ㅠㅠ
하루종일",1
"밨aw",1
"밨esearch",1
"밨ight",1
"밪ocieti",1
"밫ake",1
"밫ax",1
"밫hat뭩 complet",1
"밫hat뭩 decid",1
"밫hat뭩 fine",1
"밫hat뭩 funniest",1
"밫hat뭩 hogwash",1
"밫hat뭩 i",1
"밫hat뭩 obvious<U+393C><U+3E34>",1
"밫hat뭩 right<U+393C><U+3E34>",1
"밫hat뭩 strong",1
"밫hat뭩 terrible<U+393C><U+3E34>",1
"밫hat뭩 true<U+393C><U+3E34>",1
"밬rban",1
"밯e뭨e",1
"밯ha<U+393C><U+3E34>",1
"밯hat뭩 is",1
"밯hi",1
"밯ho",1
"밯ho<U+393C><U+3E34>",1
"밯ithout",1
"밯tf",1
"밳ou뭨 welcom",1
"밳ou뭨 work",1
"밶 pc",1
"밶 scapegoat",1
"밶ll",1
"밶ni",1
"밶sking",1
"밷ecaus",1
"밷etter",1
"밷etter<U+393C><U+3E34>",1
"밷ig",1
"밷lame",1
"밷ring",1
"밹ategori",1
"밹ommon",1
"밹omplet",1
"밹onceptu",1
"밹ontextu",1
"밹ook",1
"밹ooked<U+393C><U+3E34>",1
"밹ooki",1
"밹orrect",1
"밹orrectness<U+393C><U+3E34>",1
"밹ross",1
"밺ebate<U+393C><U+3E34>",1
"밺efens",1
"밺esign<U+393C><U+3E34>",1
"밺eviations<U+393C><U+3E34>",1
"밺ialogue<U+393C><U+3E34>",1
"밺id",1
"밺iffer",1
"밻fficiency<U+393C><U+3E34>",1
"밻levat",1
"밻ncyclopedia",1
"밻nterprise<U+393C><U+3E34>",1
"밻ssentially<U+393C><U+3E34>",1
"밻thical<U+393C><U+3E34>",1
"밻xperts<U+393C><U+3E34>",1
"밼acts<U+393C><U+3E34>",1
"밼ix",1
"밼ront",1
"밼use<U+393C><U+3E34>",1
"밽limmer",1
"밽limmer<U+393C><U+3E34>",1
"밽lobal<U+393C><U+3E34>",1
"밽rass",1
"밾ang",1
"밾ave",1
"밾eroes<U+393C><U+3E34>",1
"밾ey",1
"밾idden<U+393C><U+3E34>",1
"밾ippie<U+393C><U+3E34>",1
"밾ippies<U+393C><U+3E34>",1
"밿ncreas",1
"밿nformation<U+393C><U+3E34>",1
"밿nvolvedness<U+393C><U+3E34>",1
"밿t뭩 organ",1
"뱆now",1
"뱆nowledg",1
"뱇aw",1
"뱇aws<U+393C><U+3E34>",1
"뱇eft",1
"뱇ess",1
"뱇et",1
"뱇ibrary<U+393C><U+3E34>",1
"뱇isten",1
"뱇iving<U+393C><U+3E34>",1
"뱇ook",1
"뱇osing<U+393C><U+3E34>",1
"뱈ake",1
"뱈an",1
"뱈ean",1
"뱈inor",1
"뱈ore",1
"뱊egative<U+393C><U+3E34>",1
"뱋bjective<U+393C><U+3E34>",1
"뱋blique<U+393C><U+3E34>",1
"뱋ut",1
"뱎ass",1
"뱎athogens<U+393C><U+3E34>",1
"뱎hase",1
"뱎rocess",1
"뱎roductivity<U+393C><U+3E34>",1
"뱏uit<U+393C><U+3E34>",1
"뱑aw<U+393C><U+3E34>",1
"뱑ead",1
"뱑edesign<U+393C><U+3E34>",1
"뱑elev",1
"뱑eport",1
"뱑esolve<U+393C><U+3E34>",1
"뱑espond",1
"뱑isk",1
"뱑isk<U+393C><U+3E34>",1
"뱒cientif",1
"뱒ee",1
"뱒ee<U+393C><U+3E34>",1
"뱒eek",1
"뱒ell",1
"뱒hort",1
"뱒kill<U+393C><U+3E34>",1
"뱒queaki",1
"뱒tandardised<U+393C><U+3E34>",1
"뱒traight",1
"뱒tyle<U+393C><U+3E34>",1
"뱒urpris",1
"뱒ymptoms<U+393C><U+3E34>",1
"뱓ailor<U+393C><U+3E34>",1
"뱓hat",1
"뱓hat뭩 me<U+393C><U+3E34>",1
"뱓here뭩 ",1
"뱓hink",1
"뱓his",1
"뱓ool",1
"뱓rigger",1
"뱓ruth<U+393C><U+3E34>",1
"뱓ypic",1
"뱔nderstand",1
"뱔niverse<U+393C><U+3E34>",1
"뱕ideo",1
"뱖e뭠l",1
"뱖hat<U+393C><U+3E34>",1
"뱖hence<U+393C><U+3E34>",1
"뱟 per",1
"뱟and",1
"뱟even",1
"뱟group",1
"뱟so",1
"뱟the",1
"뱰<U+393C><U+3E33> node",1
"번호판
led",1
"번호판
골프세대에
장착",1
"번호판
부각
야간",1
"번호판
비교",1
"번호판
빛추어줘",1
"번호판
빛춰줌으로써",1
"보실까용",1
"봤습니닼ㅋ
저희
매장",1
"부위
교체",1
"비싼건
못사주고",1
"뺾lyma",1
"뻊tafford",1
"뻟nitial",1
"뻯hemselv",1
"사진입니다ub",1
"서비스
받았습니다지인이",1
"수입차
사고",1
"수입차
정비소
폭스",1
"스커프도",1
"스텐레스",1
"시로코
초록색
닌자",1
"시로코
휀다교환
도어",1
"시로코입니다",1
"시오후
",1
"안먹게
조심",1
"앞휀다
양쪽",1
"언제봐도",1
"얼라이먼트는",1
"얼라이먼트를",1
"없네요ㅠ",1
"엔진오일",1
"오른쪽
led",1
"완료ufffd獰楮ufffd",1
"외관만봐도
사고",1
"이겨내보자구요
ㅎㅎ",1
"이녀석
지인
출고",1
"입니다ub",1
"자동차
긍정",1
"자동차
다니신거",1
"재조립
휠밸런스와",1
"저희
김포
게러지에서는
번호판
led",1
"저희
김포
게러지에서는
폭스",1
"저희
모토니티를
방문",1
"전구교체",1
"전문샵에서
폭스",1
"좋습니닿ㅎㅎ",1
"지록한",1
"지인
폭스",1
"케이스",1
"키링을
포장지",1
"키링을
하나",1
"키링이
도착",1
"탈거한모습입니다ub",1
"톨장군네에서",1
"팀시
셀프
세차장
ub영업일월요일토요일
영업시간",1
"파샤트
",1
"포스트
고양시
일산",1
"포스팅에",1
"포스팅은",1
"하게ufffd楹六ufffd",1
"후덜덜
기분",1
"휀다까지",1
"휀다는",1
"휀다도",1
"휀다도색
하체",1
"ㅡ
고고",1
